GO:0000006	8.135346948906706
GO:0000014	6.749052587786816
GO:0000015	8.135346948906706
GO:0000018	6.749052587786816
GO:0000025	8.135346948906706
GO:0000027	5.57039759144517
GO:0000028	6.055905407226871
GO:0000032	8.135346948906706
GO:0000034	8.135346948906706
GO:0000035	8.135346948906706
GO:0000036	8.135346948906706
GO:0000041	8.135346948906706
GO:0000049	5.090824511183284
GO:0000050	8.135346948906706
GO:0000053	8.135346948906706
GO:0000096	8.135346948906706
GO:0000099	8.135346948906706
GO:0000100	8.135346948906706
GO:0000101	8.135346948906706
GO:0000102	8.135346948906706
GO:0000103	7.442199768346762
GO:0000104	6.525909036472607
GO:0000105	6.055905407226871
GO:0000107	7.442199768346762
GO:0000150	7.036734660238597
GO:0000155	4.839510082902378
GO:0000156	6.055905407226871
GO:0000160	4.397677330623338
GO:0000162	6.189436799851394
GO:0000166	4.471785302777061
GO:0000175	6.525909036472607
GO:0000179	8.135346948906706
GO:0000270	5.650440299118706
GO:0000287	3.4079591301943664
GO:0000302	7.442199768346762
GO:0000303	7.442199768346762
GO:0000305	8.135346948906706
GO:0000309	7.442199768346762
GO:0000310	8.135346948906706
GO:0000372	8.135346948906706
GO:0000400	8.135346948906706
GO:0000405	7.442199768346762
GO:0000408	8.135346948906706
GO:0000413	6.055905407226871
GO:0000428	7.442199768346762
GO:0000453	6.525909036472607
GO:0000455	6.189436799851394
GO:0000462	7.442199768346762
GO:0000470	8.135346948906706
GO:0000478	8.135346948906706
GO:0000703	7.442199768346762
GO:0000716	8.135346948906706
GO:0000724	8.135346948906706
GO:0000725	6.525909036472607
GO:0000726	8.135346948906706
GO:0000731	6.749052587786816
GO:0000737	8.135346948906706
GO:0000738	7.036734660238597
GO:0000746	8.135346948906706
GO:0000774	8.135346948906706
GO:0000787	8.135346948906706
GO:0000796	8.135346948906706
GO:0000820	8.135346948906706
GO:0000900	7.036734660238597
GO:0000902	8.135346948906706
GO:0000906	8.135346948906706
GO:0000907	8.135346948906706
GO:0000908	8.135346948906706
GO:0000917	6.525909036472607
GO:0000918	7.442199768346762
GO:0000920	6.525909036472607
GO:0000921	8.135346948906706
GO:0000967	7.036734660238597
GO:0000975	8.135346948906706
GO:0000976	5.57039759144517
GO:0000984	7.036734660238597
GO:0000985	8.135346948906706
GO:0000986	4.916471124038506
GO:0000990	8.135346948906706
GO:0001000	6.749052587786816
GO:0001017	8.135346948906706
GO:0001047	7.442199768346762
GO:0001072	6.749052587786816
GO:0001073	7.442199768346762
GO:0001101	6.525909036472607
GO:0001108	7.036734660238597
GO:0001121	7.442199768346762
GO:0001123	8.135346948906706
GO:0001124	8.135346948906706
GO:0001130	8.135346948906706
GO:0001131	6.525909036472607
GO:0001140	6.189436799851394
GO:0001141	6.525909036472607
GO:0001150	7.036734660238597
GO:0001151	7.442199768346762
GO:0001204	8.135346948906706
GO:0001216	7.036734660238597
GO:0001406	7.442199768346762
GO:0001407	6.749052587786816
GO:0001510	8.135346948906706
GO:0001514	8.135346948906706
GO:0001522	6.749052587786816
GO:0001530	7.442199768346762
GO:0001558	7.442199768346762
GO:0001671	7.442199768346762
GO:0001676	8.135346948906706
GO:0001680	8.135346948906706
GO:0001682	8.135346948906706
GO:0001727	8.135346948906706
GO:0001731	8.135346948906706
GO:0001761	8.135346948906706
GO:0001762	8.135346948906706
GO:0001884	8.135346948906706
GO:0001887	8.135346948906706
GO:0001896	6.749052587786816
GO:0001948	8.135346948906706
GO:0002057	8.135346948906706
GO:0002094	8.135346948906706
GO:0002097	8.135346948906706
GO:0002098	6.189436799851394
GO:0002099	7.442199768346762
GO:0002100	8.135346948906706
GO:0002101	8.135346948906706
GO:0002128	8.135346948906706
GO:0002131	8.135346948906706
GO:0002132	8.135346948906706
GO:0002136	8.135346948906706
GO:0002143	6.343587479678652
GO:0002161	6.343587479678652
GO:0002181	7.442199768346762
GO:0002184	8.135346948906706
GO:0002188	8.135346948906706
GO:0002192	8.135346948906706
GO:0002196	7.442199768346762
GO:0002935	8.135346948906706
GO:0002937	8.135346948906706
GO:0002938	8.135346948906706
GO:0002939	8.135346948906706
GO:0002943	8.135346948906706
GO:0002949	6.749052587786816
GO:0002952	8.135346948906706
GO:0002953	7.442199768346762
GO:0003333	5.496289619291448
GO:0003674	8.135346948906706
GO:0003676	5.57039759144517
GO:0003677	3.151740327198371
GO:0003678	7.036734660238597
GO:0003681	6.749052587786816
GO:0003684	7.036734660238597
GO:0003688	7.442199768346762
GO:0003690	6.343587479678652
GO:0003697	5.244975191010543
GO:0003700	3.7786381222171155
GO:0003714	8.135346948906706
GO:0003723	4.223323943478561
GO:0003724	7.442199768346762
GO:0003725	8.135346948906706
GO:0003727	7.036734660238597
GO:0003729	5.832761855912661
GO:0003730	7.442199768346762
GO:0003735	4.24352665079608
GO:0003743	7.442199768346762
GO:0003746	6.525909036472607
GO:0003755	6.055905407226871
GO:0003756	6.749052587786816
GO:0003796	7.442199768346762
GO:0003824	4.839510082902378
GO:0003825	8.135346948906706
GO:0003826	8.135346948906706
GO:0003839	8.135346948906706
GO:0003841	8.135346948906706
GO:0003842	8.135346948906706
GO:0003844	8.135346948906706
GO:0003848	8.135346948906706
GO:0003849	7.036734660238597
GO:0003850	7.442199768346762
GO:0003852	8.135346948906706
GO:0003855	8.135346948906706
GO:0003856	8.135346948906706
GO:0003857	6.749052587786816
GO:0003861	8.135346948906706
GO:0003862	7.442199768346762
GO:0003864	8.135346948906706
GO:0003866	8.135346948906706
GO:0003867	7.442199768346762
GO:0003870	8.135346948906706
GO:0003871	8.135346948906706
GO:0003872	7.442199768346762
GO:0003879	8.135346948906706
GO:0003882	8.135346948906706
GO:0003883	8.135346948906706
GO:0003886	8.135346948906706
GO:0003887	6.343587479678652
GO:0003896	8.135346948906706
GO:0003899	8.135346948906706
GO:0003904	8.135346948906706
GO:0003905	8.135346948906706
GO:0003906	6.749052587786816
GO:0003908	7.442199768346762
GO:0003909	8.135346948906706
GO:0003911	7.442199768346762
GO:0003916	7.442199768346762
GO:0003917	7.442199768346762
GO:0003918	6.749052587786816
GO:0003919	8.135346948906706
GO:0003920	8.135346948906706
GO:0003921	8.135346948906706
GO:0003922	8.135346948906706
GO:0003924	5.139614675352716
GO:0003934	8.135346948906706
GO:0003935	8.135346948906706
GO:0003937	8.135346948906706
GO:0003938	8.135346948906706
GO:0003941	6.749052587786816
GO:0003942	8.135346948906706
GO:0003949	8.135346948906706
GO:0003951	7.442199768346762
GO:0003954	5.427296747804497
GO:0003955	7.442199768346762
GO:0003960	8.135346948906706
GO:0003961	8.135346948906706
GO:0003962	8.135346948906706
GO:0003963	8.135346948906706
GO:0003977	8.135346948906706
GO:0003978	8.135346948906706
GO:0003979	8.135346948906706
GO:0003983	7.442199768346762
GO:0003984	6.525909036472607
GO:0003985	7.442199768346762
GO:0003986	8.135346948906706
GO:0003987	8.135346948906706
GO:0003988	6.749052587786816
GO:0003989	7.442199768346762
GO:0003991	8.135346948906706
GO:0003992	7.036734660238597
GO:0003993	8.135346948906706
GO:0003994	7.442199768346762
GO:0003995	8.135346948906706
GO:0003998	8.135346948906706
GO:0003999	8.135346948906706
GO:0004000	8.135346948906706
GO:0004003	6.189436799851394
GO:0004004	5.938122371570488
GO:0004014	8.135346948906706
GO:0004015	8.135346948906706
GO:0004016	8.135346948906706
GO:0004017	7.442199768346762
GO:0004018	8.135346948906706
GO:0004019	8.135346948906706
GO:0004020	8.135346948906706
GO:0004021	7.442199768346762
GO:0004022	6.525909036472607
GO:0004024	8.135346948906706
GO:0004029	7.036734660238597
GO:0004030	8.135346948906706
GO:0004033	7.036734660238597
GO:0004034	7.036734660238597
GO:0004035	8.135346948906706
GO:0004038	8.135346948906706
GO:0004040	8.135346948906706
GO:0004044	8.135346948906706
GO:0004045	7.442199768346762
GO:0004047	8.135346948906706
GO:0004048	8.135346948906706
GO:0004049	7.442199768346762
GO:0004055	8.135346948906706
GO:0004056	8.135346948906706
GO:0004060	8.135346948906706
GO:0004066	8.135346948906706
GO:0004067	7.036734660238597
GO:0004069	8.135346948906706
GO:0004071	7.442199768346762
GO:0004072	6.749052587786816
GO:0004073	8.135346948906706
GO:0004075	8.135346948906706
GO:0004076	8.135346948906706
GO:0004077	8.135346948906706
GO:0004084	8.135346948906706
GO:0004087	8.135346948906706
GO:0004088	7.442199768346762
GO:0004089	7.442199768346762
GO:0004096	7.036734660238597
GO:0004106	7.442199768346762
GO:0004107	8.135346948906706
GO:0004108	8.135346948906706
GO:0004109	8.135346948906706
GO:0004112	8.135346948906706
GO:0004113	8.135346948906706
GO:0004115	8.135346948906706
GO:0004121	7.442199768346762
GO:0004123	8.135346948906706
GO:0004124	7.036734660238597
GO:0004125	8.135346948906706
GO:0004126	8.135346948906706
GO:0004127	8.135346948906706
GO:0004130	8.135346948906706
GO:0004131	8.135346948906706
GO:0004133	8.135346948906706
GO:0004134	8.135346948906706
GO:0004135	8.135346948906706
GO:0004139	8.135346948906706
GO:0004140	8.135346948906706
GO:0004141	7.442199768346762
GO:0004143	8.135346948906706
GO:0004145	8.135346948906706
GO:0004146	8.135346948906706
GO:0004148	8.135346948906706
GO:0004149	8.135346948906706
GO:0004150	8.135346948906706
GO:0004151	8.135346948906706
GO:0004152	8.135346948906706
GO:0004155	8.135346948906706
GO:0004156	8.135346948906706
GO:0004159	8.135346948906706
GO:0004160	8.135346948906706
GO:0004161	8.135346948906706
GO:0004165	8.135346948906706
GO:0004170	7.442199768346762
GO:0004174	7.442199768346762
GO:0004175	5.139614675352716
GO:0004176	6.343587479678652
GO:0004177	5.938122371570488
GO:0004180	5.650440299118706
GO:0004185	8.135346948906706
GO:0004222	6.343587479678652
GO:0004252	5.938122371570488
GO:0004298	8.135346948906706
GO:0004300	6.055905407226871
GO:0004309	7.442199768346762
GO:0004314	8.135346948906706
GO:0004315	7.442199768346762
GO:0004316	8.135346948906706
GO:0004318	8.135346948906706
GO:0004322	6.749052587786816
GO:0004324	8.135346948906706
GO:0004325	8.135346948906706
GO:0004326	8.135346948906706
GO:0004332	7.442199768346762
GO:0004333	6.525909036472607
GO:0004335	7.442199768346762
GO:0004337	8.135346948906706
GO:0004340	7.442199768346762
GO:0004342	8.135346948906706
GO:0004345	8.135346948906706
GO:0004346	7.442199768346762
GO:0004347	8.135346948906706
GO:0004349	8.135346948906706
GO:0004350	8.135346948906706
GO:0004351	7.442199768346762
GO:0004352	8.135346948906706
GO:0004354	8.135346948906706
GO:0004355	7.442199768346762
GO:0004356	8.135346948906706
GO:0004357	8.135346948906706
GO:0004358	8.135346948906706
GO:0004359	7.442199768346762
GO:0004360	8.135346948906706
GO:0004362	8.135346948906706
GO:0004363	8.135346948906706
GO:0004364	6.749052587786816
GO:0004365	7.442199768346762
GO:0004366	8.135346948906706
GO:0004368	7.036734660238597
GO:0004370	8.135346948906706
GO:0004372	8.135346948906706
GO:0004375	8.135346948906706
GO:0004385	8.135346948906706
GO:0004386	6.343587479678652
GO:0004396	8.135346948906706
GO:0004399	8.135346948906706
GO:0004400	8.135346948906706
GO:0004401	8.135346948906706
GO:0004412	7.442199768346762
GO:0004413	8.135346948906706
GO:0004416	7.036734660238597
GO:0004417	8.135346948906706
GO:0004418	8.135346948906706
GO:0004422	7.442199768346762
GO:0004424	8.135346948906706
GO:0004425	8.135346948906706
GO:0004427	8.135346948906706
GO:0004450	8.135346948906706
GO:0004451	8.135346948906706
GO:0004452	8.135346948906706
GO:0004455	8.135346948906706
GO:0004456	8.135346948906706
GO:0004458	8.135346948906706
GO:0004459	6.749052587786816
GO:0004462	8.135346948906706
GO:0004467	8.135346948906706
GO:0004471	8.135346948906706
GO:0004473	7.442199768346762
GO:0004474	7.442199768346762
GO:0004475	8.135346948906706
GO:0004476	8.135346948906706
GO:0004477	8.135346948906706
GO:0004478	8.135346948906706
GO:0004479	8.135346948906706
GO:0004488	8.135346948906706
GO:0004489	8.135346948906706
GO:0004492	8.135346948906706
GO:0004494	8.135346948906706
GO:0004497	7.036734660238597
GO:0004514	8.135346948906706
GO:0004515	8.135346948906706
GO:0004516	8.135346948906706
GO:0004518	6.189436799851394
GO:0004519	5.496289619291448
GO:0004520	6.189436799851394
GO:0004521	5.57039759144517
GO:0004523	7.442199768346762
GO:0004525	8.135346948906706
GO:0004527	7.036734660238597
GO:0004529	7.442199768346762
GO:0004532	8.135346948906706
GO:0004534	8.135346948906706
GO:0004536	7.442199768346762
GO:0004540	6.749052587786816
GO:0004550	8.135346948906706
GO:0004551	7.442199768346762
GO:0004553	6.189436799851394
GO:0004555	7.442199768346762
GO:0004556	7.442199768346762
GO:0004557	8.135346948906706
GO:0004558	8.135346948906706
GO:0004559	8.135346948906706
GO:0004563	8.135346948906706
GO:0004565	8.135346948906706
GO:0004566	8.135346948906706
GO:0004585	7.442199768346762
GO:0004586	7.442199768346762
GO:0004588	8.135346948906706
GO:0004590	8.135346948906706
GO:0004591	8.135346948906706
GO:0004592	7.442199768346762
GO:0004594	8.135346948906706
GO:0004595	8.135346948906706
GO:0004596	7.036734660238597
GO:0004601	6.189436799851394
GO:0004602	8.135346948906706
GO:0004604	8.135346948906706
GO:0004605	8.135346948906706
GO:0004609	8.135346948906706
GO:0004612	8.135346948906706
GO:0004614	8.135346948906706
GO:0004615	8.135346948906706
GO:0004616	8.135346948906706
GO:0004617	8.135346948906706
GO:0004618	8.135346948906706
GO:0004620	8.135346948906706
GO:0004622	7.036734660238597
GO:0004623	8.135346948906706
GO:0004630	8.135346948906706
GO:0004632	8.135346948906706
GO:0004633	8.135346948906706
GO:0004634	8.135346948906706
GO:0004635	8.135346948906706
GO:0004636	8.135346948906706
GO:0004637	8.135346948906706
GO:0004638	8.135346948906706
GO:0004639	8.135346948906706
GO:0004640	8.135346948906706
GO:0004641	8.135346948906706
GO:0004642	8.135346948906706
GO:0004643	8.135346948906706
GO:0004644	8.135346948906706
GO:0004645	8.135346948906706
GO:0004647	7.442199768346762
GO:0004648	8.135346948906706
GO:0004652	8.135346948906706
GO:0004654	8.135346948906706
GO:0004655	8.135346948906706
GO:0004657	8.135346948906706
GO:0004659	7.036734660238597
GO:0004664	8.135346948906706
GO:0004665	8.135346948906706
GO:0004672	7.442199768346762
GO:0004673	7.036734660238597
GO:0004674	6.749052587786816
GO:0004713	7.442199768346762
GO:0004719	8.135346948906706
GO:0004721	6.055905407226871
GO:0004722	8.135346948906706
GO:0004725	7.442199768346762
GO:0004729	8.135346948906706
GO:0004730	8.135346948906706
GO:0004731	7.036734660238597
GO:0004733	8.135346948906706
GO:0004735	8.135346948906706
GO:0004738	7.442199768346762
GO:0004742	8.135346948906706
GO:0004743	7.442199768346762
GO:0004746	8.135346948906706
GO:0004747	8.135346948906706
GO:0004748	6.343587479678652
GO:0004749	8.135346948906706
GO:0004750	7.036734660238597
GO:0004751	7.442199768346762
GO:0004756	8.135346948906706
GO:0004764	7.442199768346762
GO:0004765	7.442199768346762
GO:0004766	8.135346948906706
GO:0004775	8.135346948906706
GO:0004777	7.036734660238597
GO:0004781	7.442199768346762
GO:0004784	7.036734660238597
GO:0004787	8.135346948906706
GO:0004789	8.135346948906706
GO:0004791	7.036734660238597
GO:0004792	6.749052587786816
GO:0004793	8.135346948906706
GO:0004794	7.442199768346762
GO:0004795	8.135346948906706
GO:0004797	8.135346948906706
GO:0004798	8.135346948906706
GO:0004799	8.135346948906706
GO:0004801	7.442199768346762
GO:0004802	7.442199768346762
GO:0004803	7.442199768346762
GO:0004805	8.135346948906706
GO:0004807	8.135346948906706
GO:0004808	8.135346948906706
GO:0004810	8.135346948906706
GO:0004812	5.7374516761083365
GO:0004813	8.135346948906706
GO:0004814	8.135346948906706
GO:0004815	8.135346948906706
GO:0004816	8.135346948906706
GO:0004817	8.135346948906706
GO:0004818	8.135346948906706
GO:0004819	8.135346948906706
GO:0004821	8.135346948906706
GO:0004822	8.135346948906706
GO:0004823	8.135346948906706
GO:0004824	7.442199768346762
GO:0004825	8.135346948906706
GO:0004826	7.442199768346762
GO:0004827	8.135346948906706
GO:0004828	8.135346948906706
GO:0004829	8.135346948906706
GO:0004830	8.135346948906706
GO:0004831	8.135346948906706
GO:0004832	8.135346948906706
GO:0004834	7.442199768346762
GO:0004838	7.442199768346762
GO:0004844	7.442199768346762
GO:0004845	8.135346948906706
GO:0004849	7.036734660238597
GO:0004850	8.135346948906706
GO:0004851	8.135346948906706
GO:0004852	8.135346948906706
GO:0004853	8.135346948906706
GO:0004854	7.442199768346762
GO:0004856	8.135346948906706
GO:0004857	6.343587479678652
GO:0004866	8.135346948906706
GO:0004867	8.135346948906706
GO:0004871	6.525909036472607
GO:0004872	8.135346948906706
GO:0004888	6.749052587786816
GO:0004970	6.749052587786816
GO:0005034	8.135346948906706
GO:0005048	7.036734660238597
GO:0005085	8.135346948906706
GO:0005096	8.135346948906706
GO:0005198	6.525909036472607
GO:0005215	4.146362902342433
GO:0005216	7.036734660238597
GO:0005247	7.442199768346762
GO:0005253	8.135346948906706
GO:0005254	8.135346948906706
GO:0005262	8.135346948906706
GO:0005267	7.442199768346762
GO:0005275	7.442199768346762
GO:0005289	7.036734660238597
GO:0005291	7.036734660238597
GO:0005292	7.036734660238597
GO:0005294	8.135346948906706
GO:0005295	8.135346948906706
GO:0005297	8.135346948906706
GO:0005298	8.135346948906706
GO:0005300	8.135346948906706
GO:0005302	7.442199768346762
GO:0005304	6.189436799851394
GO:0005315	6.525909036472607
GO:0005337	7.036734660238597
GO:0005345	8.135346948906706
GO:0005351	6.525909036472607
GO:0005354	7.442199768346762
GO:0005355	8.135346948906706
GO:0005363	7.442199768346762
GO:0005368	7.442199768346762
GO:0005375	7.036734660238597
GO:0005384	7.036734660238597
GO:0005385	7.442199768346762
GO:0005402	8.135346948906706
GO:0005416	8.135346948906706
GO:0005452	8.135346948906706
GO:0005469	7.036734660238597
GO:0005504	7.442199768346762
GO:0005506	5.044304495548391
GO:0005507	5.496289619291448
GO:0005509	5.832761855912661
GO:0005515	1.4786204247283155
GO:0005524	3.3070332116044057
GO:0005525	5.362758226666926
GO:0005528	8.135346948906706
GO:0005534	8.135346948906706
GO:0005537	8.135346948906706
GO:0005542	8.135346948906706
GO:0005543	7.036734660238597
GO:0005548	6.749052587786816
GO:0005576	6.189436799851394
GO:0005618	7.036734660238597
GO:0005622	4.074903938360288
GO:0005623	7.036734660238597
GO:0005737	2.646409222750021
GO:0005829	1.2447378287595405
GO:0005840	4.803142438731503
GO:0005856	7.442199768346762
GO:0005886	1.3819090303089274
GO:0005887	1.9615608450047706
GO:0005945	8.135346948906706
GO:0005948	7.036734660238597
GO:0005950	7.442199768346762
GO:0005951	7.442199768346762
GO:0005960	8.135346948906706
GO:0005971	6.749052587786816
GO:0005975	5.190907969740267
GO:0005977	8.135346948906706
GO:0005978	6.749052587786816
GO:0005980	7.036734660238597
GO:0005986	8.135346948906706
GO:0005990	8.135346948906706
GO:0005992	7.442199768346762
GO:0005993	7.036734660238597
GO:0005995	8.135346948906706
GO:0005998	8.135346948906706
GO:0006000	8.135346948906706
GO:0006001	7.442199768346762
GO:0006002	8.135346948906706
GO:0006006	6.189436799851394
GO:0006007	7.442199768346762
GO:0006011	8.135346948906706
GO:0006012	7.442199768346762
GO:0006013	8.135346948906706
GO:0006014	8.135346948906706
GO:0006015	7.442199768346762
GO:0006020	8.135346948906706
GO:0006046	7.442199768346762
GO:0006048	6.749052587786816
GO:0006053	8.135346948906706
GO:0006062	8.135346948906706
GO:0006071	8.135346948906706
GO:0006083	7.036734660238597
GO:0006086	8.135346948906706
GO:0006090	6.749052587786816
GO:0006094	5.938122371570488
GO:0006096	5.496289619291448
GO:0006097	6.525909036472607
GO:0006098	7.036734660238597
GO:0006099	5.57039759144517
GO:0006103	8.135346948906706
GO:0006105	8.135346948906706
GO:0006106	8.135346948906706
GO:0006107	8.135346948906706
GO:0006108	6.525909036472607
GO:0006113	6.055905407226871
GO:0006115	8.135346948906706
GO:0006124	8.135346948906706
GO:0006144	8.135346948906706
GO:0006145	8.135346948906706
GO:0006146	8.135346948906706
GO:0006148	8.135346948906706
GO:0006149	8.135346948906706
GO:0006150	8.135346948906706
GO:0006152	6.525909036472607
GO:0006154	8.135346948906706
GO:0006161	8.135346948906706
GO:0006164	6.749052587786816
GO:0006168	8.135346948906706
GO:0006171	8.135346948906706
GO:0006172	8.135346948906706
GO:0006177	8.135346948906706
GO:0006183	8.135346948906706
GO:0006189	8.135346948906706
GO:0006203	8.135346948906706
GO:0006206	7.036734660238597
GO:0006207	6.525909036472607
GO:0006208	6.055905407226871
GO:0006209	8.135346948906706
GO:0006210	8.135346948906706
GO:0006212	6.055905407226871
GO:0006217	8.135346948906706
GO:0006218	8.135346948906706
GO:0006221	6.749052587786816
GO:0006222	8.135346948906706
GO:0006226	8.135346948906706
GO:0006227	8.135346948906706
GO:0006231	8.135346948906706
GO:0006233	8.135346948906706
GO:0006235	8.135346948906706
GO:0006241	8.135346948906706
GO:0006259	6.189436799851394
GO:0006260	5.832761855912661
GO:0006261	5.832761855912661
GO:0006265	6.525909036472607
GO:0006266	7.036734660238597
GO:0006267	8.135346948906706
GO:0006268	7.036734660238597
GO:0006269	8.135346948906706
GO:0006270	6.749052587786816
GO:0006271	7.036734660238597
GO:0006274	8.135346948906706
GO:0006275	8.135346948906706
GO:0006276	6.343587479678652
GO:0006281	4.957293118558762
GO:0006283	8.135346948906706
GO:0006284	6.525909036472607
GO:0006285	6.749052587786816
GO:0006288	7.442199768346762
GO:0006289	8.135346948906706
GO:0006298	6.055905407226871
GO:0006301	8.135346948906706
GO:0006302	6.055905407226871
GO:0006307	6.525909036472607
GO:0006308	5.832761855912661
GO:0006310	4.916471124038506
GO:0006313	6.189436799851394
GO:0006351	3.3817567578003422
GO:0006352	7.036734660238597
GO:0006353	7.442199768346762
GO:0006354	7.442199768346762
GO:0006355	3.728627701642454
GO:0006364	6.749052587786816
GO:0006378	7.442199768346762
GO:0006396	6.525909036472607
GO:0006397	7.442199768346762
GO:0006399	7.442199768346762
GO:0006400	6.525909036472607
GO:0006401	6.343587479678652
GO:0006402	5.7374516761083365
GO:0006412	4.3286844591363876
GO:0006413	7.442199768346762
GO:0006414	7.442199768346762
GO:0006415	6.343587479678652
GO:0006417	6.525909036472607
GO:0006418	5.832761855912661
GO:0006419	8.135346948906706
GO:0006420	8.135346948906706
GO:0006421	8.135346948906706
GO:0006422	8.135346948906706
GO:0006423	8.135346948906706
GO:0006424	8.135346948906706
GO:0006425	8.135346948906706
GO:0006427	8.135346948906706
GO:0006428	8.135346948906706
GO:0006429	8.135346948906706
GO:0006430	7.442199768346762
GO:0006431	8.135346948906706
GO:0006432	7.442199768346762
GO:0006433	8.135346948906706
GO:0006434	8.135346948906706
GO:0006435	8.135346948906706
GO:0006436	8.135346948906706
GO:0006437	8.135346948906706
GO:0006438	8.135346948906706
GO:0006448	8.135346948906706
GO:0006450	6.189436799851394
GO:0006457	5.190907969740267
GO:0006461	7.036734660238597
GO:0006464	5.650440299118706
GO:0006465	7.036734660238597
GO:0006468	5.832761855912661
GO:0006470	5.57039759144517
GO:0006473	6.525909036472607
GO:0006474	6.525909036472607
GO:0006476	8.135346948906706
GO:0006479	6.343587479678652
GO:0006486	8.135346948906706
GO:0006490	8.135346948906706
GO:0006508	4.374146833213144
GO:0006515	6.749052587786816
GO:0006517	6.749052587786816
GO:0006518	8.135346948906706
GO:0006523	7.442199768346762
GO:0006524	8.135346948906706
GO:0006526	6.343587479678652
GO:0006527	6.525909036472607
GO:0006529	7.442199768346762
GO:0006530	8.135346948906706
GO:0006531	8.135346948906706
GO:0006532	7.442199768346762
GO:0006535	7.036734660238597
GO:0006537	6.525909036472607
GO:0006541	6.525909036472607
GO:0006543	7.442199768346762
GO:0006545	8.135346948906706
GO:0006546	7.442199768346762
GO:0006554	7.442199768346762
GO:0006556	8.135346948906706
GO:0006561	7.442199768346762
GO:0006563	8.135346948906706
GO:0006564	6.749052587786816
GO:0006565	6.749052587786816
GO:0006566	7.442199768346762
GO:0006567	6.189436799851394
GO:0006569	8.135346948906706
GO:0006571	7.442199768346762
GO:0006593	8.135346948906706
GO:0006598	8.135346948906706
GO:0006605	7.442199768346762
GO:0006612	8.135346948906706
GO:0006614	8.135346948906706
GO:0006616	7.036734660238597
GO:0006629	6.525909036472607
GO:0006631	6.749052587786816
GO:0006633	5.57039759144517
GO:0006635	5.650440299118706
GO:0006636	8.135346948906706
GO:0006637	7.442199768346762
GO:0006650	8.135346948906706
GO:0006654	8.135346948906706
GO:0006655	7.442199768346762
GO:0006725	8.135346948906706
GO:0006730	7.036734660238597
GO:0006740	7.442199768346762
GO:0006741	8.135346948906706
GO:0006744	5.57039759144517
GO:0006750	7.442199768346762
GO:0006751	7.442199768346762
GO:0006757	8.135346948906706
GO:0006760	8.135346948906706
GO:0006761	8.135346948906706
GO:0006772	7.442199768346762
GO:0006777	6.055905407226871
GO:0006779	6.525909036472607
GO:0006780	8.135346948906706
GO:0006782	6.749052587786816
GO:0006783	6.189436799851394
GO:0006790	5.7374516761083365
GO:0006791	6.749052587786816
GO:0006793	8.135346948906706
GO:0006798	8.135346948906706
GO:0006799	8.135346948906706
GO:0006801	7.036734660238597
GO:0006805	6.749052587786816
GO:0006807	6.749052587786816
GO:0006808	7.442199768346762
GO:0006810	3.193704526297403
GO:0006811	5.244975191010543
GO:0006812	7.442199768346762
GO:0006813	5.57039759144517
GO:0006814	6.749052587786816
GO:0006817	6.749052587786816
GO:0006820	7.036734660238597
GO:0006821	7.442199768346762
GO:0006824	6.749052587786816
GO:0006825	7.036734660238597
GO:0006826	8.135346948906706
GO:0006828	8.135346948906706
GO:0006829	6.343587479678652
GO:0006833	8.135346948906706
GO:0006835	7.442199768346762
GO:0006847	8.135346948906706
GO:0006855	4.9998527329775575
GO:0006857	7.036734660238597
GO:0006863	8.135346948906706
GO:0006865	5.362758226666926
GO:0006868	7.036734660238597
GO:0006869	7.442199768346762
GO:0006874	8.135346948906706
GO:0006876	8.135346948906706
GO:0006878	6.525909036472607
GO:0006879	6.343587479678652
GO:0006880	7.036734660238597
GO:0006882	8.135346948906706
GO:0006883	7.036734660238597
GO:0006884	8.135346948906706
GO:0006885	8.135346948906706
GO:0006886	7.036734660238597
GO:0006928	6.055905407226871
GO:0006935	5.650440299118706
GO:0006970	5.362758226666926
GO:0006972	6.055905407226871
GO:0006974	2.8320420408476314
GO:0006979	4.351157314988446
GO:0006986	7.442199768346762
GO:0006995	7.442199768346762
GO:0007059	5.832761855912661
GO:0007062	6.749052587786816
GO:0007155	4.9998527329775575
GO:0007165	5.938122371570488
GO:0007234	8.135346948906706
GO:0007584	8.135346948906706
GO:0008026	8.135346948906706
GO:0008033	6.055905407226871
GO:0008047	6.343587479678652
GO:0008073	7.442199768346762
GO:0008080	6.343587479678652
GO:0008081	7.442199768346762
GO:0008092	7.442199768346762
GO:0008094	6.525909036472607
GO:0008097	7.036734660238597
GO:0008104	8.135346948906706
GO:0008106	6.343587479678652
GO:0008108	8.135346948906706
GO:0008113	8.135346948906706
GO:0008126	8.135346948906706
GO:0008127	8.135346948906706
GO:0008131	8.135346948906706
GO:0008134	7.442199768346762
GO:0008137	5.938122371570488
GO:0008138	7.036734660238597
GO:0008143	7.442199768346762
GO:0008144	6.189436799851394
GO:0008152	5.090824511183284
GO:0008156	8.135346948906706
GO:0008168	6.525909036472607
GO:0008170	8.135346948906706
GO:0008176	8.135346948906706
GO:0008177	7.036734660238597
GO:0008184	7.442199768346762
GO:0008186	8.135346948906706
GO:0008198	5.139614675352716
GO:0008199	6.749052587786816
GO:0008201	8.135346948906706
GO:0008219	7.036734660238597
GO:0008233	5.190907969740267
GO:0008234	8.135346948906706
GO:0008235	8.135346948906706
GO:0008236	6.525909036472607
GO:0008237	6.055905407226871
GO:0008252	7.442199768346762
GO:0008253	6.749052587786816
GO:0008254	7.442199768346762
GO:0008263	8.135346948906706
GO:0008270	3.47190785479464
GO:0008272	7.036734660238597
GO:0008273	8.135346948906706
GO:0008276	6.749052587786816
GO:0008289	6.749052587786816
GO:0008295	7.036734660238597
GO:0008296	6.525909036472607
GO:0008299	7.442199768346762
GO:0008301	8.135346948906706
GO:0008310	7.036734660238597
GO:0008320	7.036734660238597
GO:0008324	7.442199768346762
GO:0008327	8.135346948906706
GO:0008360	5.362758226666926
GO:0008374	7.442199768346762
GO:0008375	8.135346948906706
GO:0008379	7.036734660238597
GO:0008381	6.343587479678652
GO:0008408	6.525909036472607
GO:0008409	8.135346948906706
GO:0008412	8.135346948906706
GO:0008413	8.135346948906706
GO:0008417	8.135346948906706
GO:0008422	6.749052587786816
GO:0008428	7.442199768346762
GO:0008430	8.135346948906706
GO:0008441	8.135346948906706
GO:0008444	7.442199768346762
GO:0008446	8.135346948906706
GO:0008448	8.135346948906706
GO:0008452	8.135346948906706
GO:0008460	7.442199768346762
GO:0008470	8.135346948906706
GO:0008477	7.036734660238597
GO:0008478	7.442199768346762
GO:0008479	8.135346948906706
GO:0008483	7.036734660238597
GO:0008490	8.135346948906706
GO:0008494	8.135346948906706
GO:0008495	8.135346948906706
GO:0008519	8.135346948906706
GO:0008531	8.135346948906706
GO:0008534	8.135346948906706
GO:0008551	8.135346948906706
GO:0008556	6.749052587786816
GO:0008559	6.749052587786816
GO:0008565	7.036734660238597
GO:0008610	6.525909036472607
GO:0008615	6.189436799851394
GO:0008616	6.055905407226871
GO:0008643	4.916471124038506
GO:0008650	8.135346948906706
GO:0008652	6.055905407226871
GO:0008653	7.442199768346762
GO:0008654	6.343587479678652
GO:0008657	7.442199768346762
GO:0008658	5.7374516761083365
GO:0008661	8.135346948906706
GO:0008662	8.135346948906706
GO:0008663	8.135346948906706
GO:0008664	8.135346948906706
GO:0008666	8.135346948906706
GO:0008667	8.135346948906706
GO:0008668	8.135346948906706
GO:0008670	8.135346948906706
GO:0008671	8.135346948906706
GO:0008672	8.135346948906706
GO:0008673	8.135346948906706
GO:0008674	8.135346948906706
GO:0008675	8.135346948906706
GO:0008676	8.135346948906706
GO:0008677	8.135346948906706
GO:0008679	7.442199768346762
GO:0008681	8.135346948906706
GO:0008682	8.135346948906706
GO:0008684	8.135346948906706
GO:0008685	8.135346948906706
GO:0008686	8.135346948906706
GO:0008688	8.135346948906706
GO:0008690	8.135346948906706
GO:0008691	8.135346948906706
GO:0008692	8.135346948906706
GO:0008693	7.442199768346762
GO:0008694	8.135346948906706
GO:0008696	8.135346948906706
GO:0008697	8.135346948906706
GO:0008700	8.135346948906706
GO:0008701	8.135346948906706
GO:0008703	8.135346948906706
GO:0008705	7.442199768346762
GO:0008706	7.036734660238597
GO:0008709	8.135346948906706
GO:0008710	8.135346948906706
GO:0008712	8.135346948906706
GO:0008713	6.749052587786816
GO:0008714	8.135346948906706
GO:0008715	8.135346948906706
GO:0008716	7.442199768346762
GO:0008718	8.135346948906706
GO:0008719	8.135346948906706
GO:0008720	8.135346948906706
GO:0008721	8.135346948906706
GO:0008725	7.442199768346762
GO:0008726	8.135346948906706
GO:0008727	8.135346948906706
GO:0008728	7.442199768346762
GO:0008732	8.135346948906706
GO:0008733	8.135346948906706
GO:0008734	8.135346948906706
GO:0008735	7.442199768346762
GO:0008736	8.135346948906706
GO:0008737	8.135346948906706
GO:0008738	8.135346948906706
GO:0008740	8.135346948906706
GO:0008741	8.135346948906706
GO:0008742	7.036734660238597
GO:0008743	7.442199768346762
GO:0008744	8.135346948906706
GO:0008745	6.525909036472607
GO:0008746	7.442199768346762
GO:0008747	8.135346948906706
GO:0008748	8.135346948906706
GO:0008750	7.442199768346762
GO:0008752	8.135346948906706
GO:0008753	8.135346948906706
GO:0008754	8.135346948906706
GO:0008756	8.135346948906706
GO:0008757	6.189436799851394
GO:0008758	8.135346948906706
GO:0008759	8.135346948906706
GO:0008760	8.135346948906706
GO:0008761	8.135346948906706
GO:0008762	8.135346948906706
GO:0008763	8.135346948906706
GO:0008764	8.135346948906706
GO:0008765	8.135346948906706
GO:0008766	8.135346948906706
GO:0008767	8.135346948906706
GO:0008768	8.135346948906706
GO:0008770	8.135346948906706
GO:0008771	8.135346948906706
GO:0008772	8.135346948906706
GO:0008773	8.135346948906706
GO:0008774	7.442199768346762
GO:0008775	7.036734660238597
GO:0008776	7.036734660238597
GO:0008777	8.135346948906706
GO:0008779	8.135346948906706
GO:0008780	8.135346948906706
GO:0008781	8.135346948906706
GO:0008782	8.135346948906706
GO:0008783	8.135346948906706
GO:0008784	8.135346948906706
GO:0008785	8.135346948906706
GO:0008786	8.135346948906706
GO:0008787	8.135346948906706
GO:0008788	8.135346948906706
GO:0008789	8.135346948906706
GO:0008790	8.135346948906706
GO:0008792	7.442199768346762
GO:0008793	8.135346948906706
GO:0008794	8.135346948906706
GO:0008795	8.135346948906706
GO:0008796	8.135346948906706
GO:0008797	8.135346948906706
GO:0008798	7.442199768346762
GO:0008800	8.135346948906706
GO:0008801	7.442199768346762
GO:0008802	8.135346948906706
GO:0008803	8.135346948906706
GO:0008804	7.036734660238597
GO:0008808	7.036734660238597
GO:0008809	8.135346948906706
GO:0008810	8.135346948906706
GO:0008812	8.135346948906706
GO:0008813	8.135346948906706
GO:0008817	8.135346948906706
GO:0008819	8.135346948906706
GO:0008820	8.135346948906706
GO:0008821	7.036734660238597
GO:0008824	8.135346948906706
GO:0008825	8.135346948906706
GO:0008828	8.135346948906706
GO:0008829	8.135346948906706
GO:0008830	8.135346948906706
GO:0008831	8.135346948906706
GO:0008832	8.135346948906706
GO:0008834	8.135346948906706
GO:0008835	8.135346948906706
GO:0008836	8.135346948906706
GO:0008837	8.135346948906706
GO:0008838	8.135346948906706
GO:0008839	8.135346948906706
GO:0008840	8.135346948906706
GO:0008841	8.135346948906706
GO:0008843	8.135346948906706
GO:0008849	8.135346948906706
GO:0008852	8.135346948906706
GO:0008853	8.135346948906706
GO:0008854	7.036734660238597
GO:0008855	8.135346948906706
GO:0008861	6.749052587786816
GO:0008864	8.135346948906706
GO:0008866	8.135346948906706
GO:0008867	8.135346948906706
GO:0008868	8.135346948906706
GO:0008869	8.135346948906706
GO:0008870	8.135346948906706
GO:0008872	8.135346948906706
GO:0008873	8.135346948906706
GO:0008874	8.135346948906706
GO:0008876	8.135346948906706
GO:0008877	7.442199768346762
GO:0008878	8.135346948906706
GO:0008879	7.442199768346762
GO:0008880	8.135346948906706
GO:0008881	8.135346948906706
GO:0008882	8.135346948906706
GO:0008883	7.442199768346762
GO:0008884	8.135346948906706
GO:0008885	8.135346948906706
GO:0008888	8.135346948906706
GO:0008889	7.442199768346762
GO:0008892	8.135346948906706
GO:0008893	7.442199768346762
GO:0008894	8.135346948906706
GO:0008897	6.749052587786816
GO:0008898	8.135346948906706
GO:0008899	8.135346948906706
GO:0008902	7.442199768346762
GO:0008903	8.135346948906706
GO:0008906	8.135346948906706
GO:0008907	8.135346948906706
GO:0008908	8.135346948906706
GO:0008909	7.442199768346762
GO:0008911	8.135346948906706
GO:0008912	8.135346948906706
GO:0008914	8.135346948906706
GO:0008915	8.135346948906706
GO:0008917	8.135346948906706
GO:0008919	7.442199768346762
GO:0008920	8.135346948906706
GO:0008921	7.036734660238597
GO:0008922	8.135346948906706
GO:0008923	7.442199768346762
GO:0008924	8.135346948906706
GO:0008925	8.135346948906706
GO:0008926	8.135346948906706
GO:0008927	8.135346948906706
GO:0008929	8.135346948906706
GO:0008930	8.135346948906706
GO:0008932	6.343587479678652
GO:0008933	6.055905407226871
GO:0008934	8.135346948906706
GO:0008935	8.135346948906706
GO:0008936	8.135346948906706
GO:0008939	8.135346948906706
GO:0008940	6.189436799851394
GO:0008941	8.135346948906706
GO:0008942	7.442199768346762
GO:0008949	8.135346948906706
GO:0008951	8.135346948906706
GO:0008955	6.189436799851394
GO:0008957	8.135346948906706
GO:0008959	7.442199768346762
GO:0008960	8.135346948906706
GO:0008961	8.135346948906706
GO:0008962	7.036734660238597
GO:0008963	7.442199768346762
GO:0008964	8.135346948906706
GO:0008965	7.036734660238597
GO:0008966	8.135346948906706
GO:0008967	8.135346948906706
GO:0008968	8.135346948906706
GO:0008969	8.135346948906706
GO:0008970	8.135346948906706
GO:0008973	7.442199768346762
GO:0008976	8.135346948906706
GO:0008977	8.135346948906706
GO:0008979	7.442199768346762
GO:0008980	8.135346948906706
GO:0008982	5.7374516761083365
GO:0008986	8.135346948906706
GO:0008987	8.135346948906706
GO:0008988	8.135346948906706
GO:0008989	8.135346948906706
GO:0008990	7.036734660238597
GO:0008993	8.135346948906706
GO:0008994	8.135346948906706
GO:0008995	8.135346948906706
GO:0008996	8.135346948906706
GO:0008997	8.135346948906706
GO:0008998	8.135346948906706
GO:0008999	7.036734660238597
GO:0009000	7.442199768346762
GO:0009001	7.442199768346762
GO:0009002	6.189436799851394
GO:0009007	7.442199768346762
GO:0009009	7.442199768346762
GO:0009010	8.135346948906706
GO:0009011	8.135346948906706
GO:0009013	7.442199768346762
GO:0009014	8.135346948906706
GO:0009015	8.135346948906706
GO:0009016	8.135346948906706
GO:0009017	8.135346948906706
GO:0009019	8.135346948906706
GO:0009020	8.135346948906706
GO:0009022	8.135346948906706
GO:0009024	8.135346948906706
GO:0009025	7.442199768346762
GO:0009026	8.135346948906706
GO:0009027	8.135346948906706
GO:0009028	8.135346948906706
GO:0009029	8.135346948906706
GO:0009030	8.135346948906706
GO:0009032	8.135346948906706
GO:0009034	8.135346948906706
GO:0009037	7.442199768346762
GO:0009040	8.135346948906706
GO:0009041	8.135346948906706
GO:0009042	8.135346948906706
GO:0009045	8.135346948906706
GO:0009046	8.135346948906706
GO:0009050	7.442199768346762
GO:0009052	6.189436799851394
GO:0009055	4.2641459379988165
GO:0009056	8.135346948906706
GO:0009058	7.036734660238597
GO:0009060	5.044304495548391
GO:0009061	4.223323943478561
GO:0009062	8.135346948906706
GO:0009063	6.749052587786816
GO:0009073	5.832761855912661
GO:0009081	8.135346948906706
GO:0009082	7.442199768346762
GO:0009085	8.135346948906706
GO:0009086	6.525909036472607
GO:0009088	7.442199768346762
GO:0009089	6.189436799851394
GO:0009090	6.749052587786816
GO:0009092	8.135346948906706
GO:0009093	7.036734660238597
GO:0009094	7.036734660238597
GO:0009097	6.189436799851394
GO:0009098	6.055905407226871
GO:0009099	5.832761855912661
GO:0009102	5.7374516761083365
GO:0009103	5.938122371570488
GO:0009106	8.135346948906706
GO:0009107	7.442199768346762
GO:0009108	8.135346948906706
GO:0009116	7.442199768346762
GO:0009143	8.135346948906706
GO:0009152	8.135346948906706
GO:0009157	8.135346948906706
GO:0009166	7.442199768346762
GO:0009168	8.135346948906706
GO:0009224	7.442199768346762
GO:0009226	7.442199768346762
GO:0009228	5.938122371570488
GO:0009229	7.442199768346762
GO:0009231	6.189436799851394
GO:0009234	5.938122371570488
GO:0009236	6.343587479678652
GO:0009239	6.055905407226871
GO:0009240	8.135346948906706
GO:0009242	5.7374516761083365
GO:0009243	8.135346948906706
GO:0009244	4.9998527329775575
GO:0009245	5.832761855912661
GO:0009246	5.938122371570488
GO:0009249	7.442199768346762
GO:0009250	7.442199768346762
GO:0009251	8.135346948906706
GO:0009252	4.839510082902378
GO:0009253	5.832761855912661
GO:0009254	5.832761855912661
GO:0009257	6.749052587786816
GO:0009263	6.749052587786816
GO:0009264	7.442199768346762
GO:0009265	8.135346948906706
GO:0009266	6.343587479678652
GO:0009267	6.749052587786816
GO:0009268	6.525909036472607
GO:0009271	7.036734660238597
GO:0009273	7.442199768346762
GO:0009274	8.135346948906706
GO:0009276	6.749052587786816
GO:0009279	3.7533203142328255
GO:0009288	8.135346948906706
GO:0009289	4.957293118558762
GO:0009290	7.442199768346762
GO:0009294	7.442199768346762
GO:0009295	6.189436799851394
GO:0009297	5.650440299118706
GO:0009298	7.036734660238597
GO:0009305	8.135346948906706
GO:0009306	7.442199768346762
GO:0009311	8.135346948906706
GO:0009314	4.24352665079608
GO:0009316	8.135346948906706
GO:0009319	6.749052587786816
GO:0009321	7.442199768346762
GO:0009325	6.749052587786816
GO:0009326	6.343587479678652
GO:0009328	7.442199768346762
GO:0009329	7.442199768346762
GO:0009330	7.036734660238597
GO:0009331	6.749052587786816
GO:0009333	7.442199768346762
GO:0009337	7.442199768346762
GO:0009338	7.036734660238597
GO:0009341	8.135346948906706
GO:0009344	7.442199768346762
GO:0009350	7.442199768346762
GO:0009355	7.442199768346762
GO:0009358	8.135346948906706
GO:0009360	7.442199768346762
GO:0009361	7.442199768346762
GO:0009366	7.442199768346762
GO:0009372	7.036734660238597
GO:0009375	6.343587479678652
GO:0009378	7.036734660238597
GO:0009379	7.442199768346762
GO:0009380	6.749052587786816
GO:0009382	7.442199768346762
GO:0009383	7.036734660238597
GO:0009384	8.135346948906706
GO:0009389	7.036734660238597
GO:0009390	7.036734660238597
GO:0009392	7.442199768346762
GO:0009396	7.442199768346762
GO:0009401	4.203521316182381
GO:0009403	8.135346948906706
GO:0009405	7.036734660238597
GO:0009407	7.036734660238597
GO:0009408	4.18410323032528
GO:0009409	5.496289619291448
GO:0009410	8.135346948906706
GO:0009411	5.496289619291448
GO:0009416	7.442199768346762
GO:0009421	8.135346948906706
GO:0009423	6.749052587786816
GO:0009424	6.189436799851394
GO:0009425	8.135346948906706
GO:0009432	5.044304495548391
GO:0009435	6.749052587786816
GO:0009436	6.749052587786816
GO:0009437	6.525909036472607
GO:0009438	8.135346948906706
GO:0009440	7.036734660238597
GO:0009442	6.525909036472607
GO:0009443	7.036734660238597
GO:0009446	7.442199768346762
GO:0009447	6.055905407226871
GO:0009450	7.036734660238597
GO:0009451	6.749052587786816
GO:0009486	6.749052587786816
GO:0009593	8.135346948906706
GO:0009597	8.135346948906706
GO:0009636	5.938122371570488
GO:0009637	8.135346948906706
GO:0009651	7.036734660238597
GO:0009675	8.135346948906706
GO:0009679	8.135346948906706
GO:0009758	8.135346948906706
GO:0009785	8.135346948906706
GO:0009898	5.938122371570488
GO:0009927	6.525909036472607
GO:0009970	7.036734660238597
GO:0009972	8.135346948906706
GO:0009977	6.749052587786816
GO:0009982	5.7374516761083365
GO:0009986	7.442199768346762
GO:0009992	6.749052587786816
GO:0010033	8.135346948906706
GO:0010038	7.442199768346762
GO:0010039	8.135346948906706
GO:0010041	6.343587479678652
GO:0010042	8.135346948906706
GO:0010043	7.036734660238597
GO:0010045	7.442199768346762
GO:0010106	8.135346948906706
GO:0010124	5.650440299118706
GO:0010133	8.135346948906706
GO:0010139	8.135346948906706
GO:0010165	5.362758226666926
GO:0010181	4.768051118920233
GO:0010212	5.7374516761083365
GO:0010226	8.135346948906706
GO:0010243	7.036734660238597
GO:0010272	6.749052587786816
GO:0010273	6.343587479678652
GO:0010312	8.135346948906706
GO:0010326	8.135346948906706
GO:0010332	8.135346948906706
GO:0010340	8.135346948906706
GO:0010350	7.442199768346762
GO:0010385	8.135346948906706
GO:0010438	6.749052587786816
GO:0010447	5.7374516761083365
GO:0010468	6.525909036472607
GO:0010487	8.135346948906706
GO:0010498	8.135346948906706
GO:0010501	5.938122371570488
GO:0010557	8.135346948906706
GO:0010608	7.442199768346762
GO:0010628	7.036734660238597
GO:0010629	7.442199768346762
GO:0010676	8.135346948906706
GO:0010699	7.442199768346762
GO:0010810	7.442199768346762
GO:0010844	8.135346948906706
GO:0010876	8.135346948906706
GO:0010911	8.135346948906706
GO:0010921	6.749052587786816
GO:0010951	7.442199768346762
GO:0010967	8.135346948906706
GO:0010974	8.135346948906706
GO:0012501	5.938122371570488
GO:0014070	7.442199768346762
GO:0015020	8.135346948906706
GO:0015031	5.302133604850491
GO:0015035	5.7374516761083365
GO:0015036	6.749052587786816
GO:0015038	8.135346948906706
GO:0015044	8.135346948906706
GO:0015074	6.189436799851394
GO:0015075	7.442199768346762
GO:0015078	6.055905407226871
GO:0015079	8.135346948906706
GO:0015080	7.442199768346762
GO:0015086	7.036734660238597
GO:0015087	7.036734660238597
GO:0015088	8.135346948906706
GO:0015091	8.135346948906706
GO:0015093	7.036734660238597
GO:0015094	8.135346948906706
GO:0015095	8.135346948906706
GO:0015098	7.442199768346762
GO:0015099	6.525909036472607
GO:0015103	8.135346948906706
GO:0015105	8.135346948906706
GO:0015108	8.135346948906706
GO:0015112	7.442199768346762
GO:0015116	7.442199768346762
GO:0015123	8.135346948906706
GO:0015128	6.343587479678652
GO:0015129	7.442199768346762
GO:0015134	8.135346948906706
GO:0015136	7.442199768346762
GO:0015138	7.442199768346762
GO:0015141	7.442199768346762
GO:0015143	8.135346948906706
GO:0015144	7.036734660238597
GO:0015145	5.832761855912661
GO:0015147	7.036734660238597
GO:0015148	8.135346948906706
GO:0015150	8.135346948906706
GO:0015168	8.135346948906706
GO:0015169	7.036734660238597
GO:0015171	6.343587479678652
GO:0015175	8.135346948906706
GO:0015179	7.036734660238597
GO:0015180	8.135346948906706
GO:0015181	7.442199768346762
GO:0015183	7.442199768346762
GO:0015184	6.749052587786816
GO:0015186	7.442199768346762
GO:0015187	8.135346948906706
GO:0015188	6.525909036472607
GO:0015190	6.343587479678652
GO:0015191	7.442199768346762
GO:0015192	6.525909036472607
GO:0015194	8.135346948906706
GO:0015195	8.135346948906706
GO:0015196	7.442199768346762
GO:0015197	5.7374516761083365
GO:0015199	7.036734660238597
GO:0015205	8.135346948906706
GO:0015207	7.442199768346762
GO:0015208	7.442199768346762
GO:0015209	8.135346948906706
GO:0015210	7.442199768346762
GO:0015211	8.135346948906706
GO:0015212	7.442199768346762
GO:0015213	7.442199768346762
GO:0015214	8.135346948906706
GO:0015220	6.749052587786816
GO:0015221	8.135346948906706
GO:0015225	8.135346948906706
GO:0015226	8.135346948906706
GO:0015230	8.135346948906706
GO:0015232	7.442199768346762
GO:0015233	8.135346948906706
GO:0015234	7.036734660238597
GO:0015235	7.442199768346762
GO:0015238	5.7374516761083365
GO:0015250	8.135346948906706
GO:0015254	8.135346948906706
GO:0015288	5.832761855912661
GO:0015291	7.442199768346762
GO:0015292	7.036734660238597
GO:0015293	5.362758226666926
GO:0015294	7.442199768346762
GO:0015295	5.832761855912661
GO:0015297	5.496289619291448
GO:0015299	7.036734660238597
GO:0015307	6.189436799851394
GO:0015315	8.135346948906706
GO:0015333	7.036734660238597
GO:0015341	8.135346948906706
GO:0015343	7.442199768346762
GO:0015344	7.442199768346762
GO:0015360	8.135346948906706
GO:0015366	8.135346948906706
GO:0015385	6.343587479678652
GO:0015386	6.525909036472607
GO:0015388	7.442199768346762
GO:0015399	7.442199768346762
GO:0015407	7.442199768346762
GO:0015408	8.135346948906706
GO:0015412	8.135346948906706
GO:0015413	6.749052587786816
GO:0015415	7.036734660238597
GO:0015417	7.442199768346762
GO:0015419	8.135346948906706
GO:0015420	8.135346948906706
GO:0015421	6.749052587786816
GO:0015423	7.036734660238597
GO:0015424	7.442199768346762
GO:0015426	7.036734660238597
GO:0015430	8.135346948906706
GO:0015437	7.036734660238597
GO:0015450	8.135346948906706
GO:0015453	6.749052587786816
GO:0015462	8.135346948906706
GO:0015471	8.135346948906706
GO:0015473	5.832761855912661
GO:0015478	7.442199768346762
GO:0015481	8.135346948906706
GO:0015483	8.135346948906706
GO:0015486	8.135346948906706
GO:0015487	8.135346948906706
GO:0015489	6.343587479678652
GO:0015491	8.135346948906706
GO:0015496	8.135346948906706
GO:0015499	7.036734660238597
GO:0015501	8.135346948906706
GO:0015503	7.442199768346762
GO:0015505	8.135346948906706
GO:0015506	8.135346948906706
GO:0015513	7.442199768346762
GO:0015514	7.442199768346762
GO:0015517	7.442199768346762
GO:0015518	8.135346948906706
GO:0015519	8.135346948906706
GO:0015526	8.135346948906706
GO:0015527	8.135346948906706
GO:0015528	8.135346948906706
GO:0015530	8.135346948906706
GO:0015535	8.135346948906706
GO:0015540	8.135346948906706
GO:0015542	7.036734660238597
GO:0015546	6.525909036472607
GO:0015553	8.135346948906706
GO:0015556	7.036734660238597
GO:0015558	8.135346948906706
GO:0015562	6.055905407226871
GO:0015565	7.442199768346762
GO:0015568	8.135346948906706
GO:0015572	8.135346948906706
GO:0015574	8.135346948906706
GO:0015591	7.442199768346762
GO:0015592	7.036734660238597
GO:0015593	7.442199768346762
GO:0015594	8.135346948906706
GO:0015595	7.036734660238597
GO:0015603	7.442199768346762
GO:0015606	7.442199768346762
GO:0015616	7.036734660238597
GO:0015620	6.525909036472607
GO:0015628	7.036734660238597
GO:0015638	8.135346948906706
GO:0015640	6.749052587786816
GO:0015643	6.525909036472607
GO:0015648	7.442199768346762
GO:0015649	8.135346948906706
GO:0015653	8.135346948906706
GO:0015654	7.442199768346762
GO:0015658	6.749052587786816
GO:0015661	8.135346948906706
GO:0015662	8.135346948906706
GO:0015666	7.442199768346762
GO:0015670	8.135346948906706
GO:0015673	8.135346948906706
GO:0015675	8.135346948906706
GO:0015679	7.442199768346762
GO:0015682	7.442199768346762
GO:0015684	6.749052587786816
GO:0015685	6.343587479678652
GO:0015687	7.036734660238597
GO:0015688	6.749052587786816
GO:0015689	7.036734660238597
GO:0015691	7.442199768346762
GO:0015692	8.135346948906706
GO:0015693	8.135346948906706
GO:0015696	8.135346948906706
GO:0015698	8.135346948906706
GO:0015699	8.135346948906706
GO:0015700	8.135346948906706
GO:0015706	7.036734660238597
GO:0015707	7.036734660238597
GO:0015709	8.135346948906706
GO:0015710	7.442199768346762
GO:0015712	8.135346948906706
GO:0015718	8.135346948906706
GO:0015721	7.442199768346762
GO:0015724	7.036734660238597
GO:0015725	8.135346948906706
GO:0015726	8.135346948906706
GO:0015733	8.135346948906706
GO:0015734	7.036734660238597
GO:0015736	8.135346948906706
GO:0015739	8.135346948906706
GO:0015740	6.749052587786816
GO:0015741	7.442199768346762
GO:0015747	8.135346948906706
GO:0015748	8.135346948906706
GO:0015749	5.650440299118706
GO:0015751	7.036734660238597
GO:0015752	6.343587479678652
GO:0015753	7.036734660238597
GO:0015754	7.036734660238597
GO:0015755	6.189436799851394
GO:0015756	7.442199768346762
GO:0015757	6.189436799851394
GO:0015758	7.036734660238597
GO:0015760	8.135346948906706
GO:0015761	7.036734660238597
GO:0015762	8.135346948906706
GO:0015764	6.749052587786816
GO:0015765	6.749052587786816
GO:0015767	7.036734660238597
GO:0015768	6.343587479678652
GO:0015769	8.135346948906706
GO:0015771	7.442199768346762
GO:0015772	7.036734660238597
GO:0015778	8.135346948906706
GO:0015793	7.442199768346762
GO:0015794	6.525909036472607
GO:0015795	8.135346948906706
GO:0015796	6.749052587786816
GO:0015797	7.442199768346762
GO:0015803	6.343587479678652
GO:0015804	8.135346948906706
GO:0015806	8.135346948906706
GO:0015807	6.343587479678652
GO:0015808	7.442199768346762
GO:0015809	8.135346948906706
GO:0015810	7.442199768346762
GO:0015811	6.749052587786816
GO:0015813	7.036734660238597
GO:0015814	8.135346948906706
GO:0015816	8.135346948906706
GO:0015817	8.135346948906706
GO:0015818	7.442199768346762
GO:0015820	6.525909036472607
GO:0015821	6.525909036472607
GO:0015822	8.135346948906706
GO:0015823	6.189436799851394
GO:0015824	7.442199768346762
GO:0015825	8.135346948906706
GO:0015826	7.036734660238597
GO:0015827	7.036734660238597
GO:0015828	7.442199768346762
GO:0015829	6.749052587786816
GO:0015830	7.036734660238597
GO:0015833	5.496289619291448
GO:0015834	6.525909036472607
GO:0015835	8.135346948906706
GO:0015836	7.442199768346762
GO:0015839	8.135346948906706
GO:0015846	7.442199768346762
GO:0015847	5.427296747804497
GO:0015848	7.036734660238597
GO:0015851	8.135346948906706
GO:0015853	7.442199768346762
GO:0015856	8.135346948906706
GO:0015857	7.442199768346762
GO:0015858	7.036734660238597
GO:0015860	7.442199768346762
GO:0015861	7.442199768346762
GO:0015862	7.442199768346762
GO:0015863	8.135346948906706
GO:0015864	8.135346948906706
GO:0015871	6.525909036472607
GO:0015878	8.135346948906706
GO:0015879	8.135346948906706
GO:0015882	7.036734660238597
GO:0015886	5.938122371570488
GO:0015887	8.135346948906706
GO:0015888	8.135346948906706
GO:0015889	6.343587479678652
GO:0015891	7.442199768346762
GO:0015906	7.036734660238597
GO:0015909	8.135346948906706
GO:0015912	8.135346948906706
GO:0015914	6.343587479678652
GO:0015920	5.938122371570488
GO:0015926	7.036734660238597
GO:0015934	8.135346948906706
GO:0015935	8.135346948906706
GO:0015937	6.749052587786816
GO:0015940	7.442199768346762
GO:0015944	6.189436799851394
GO:0015949	5.244975191010543
GO:0015950	8.135346948906706
GO:0015951	7.442199768346762
GO:0015968	8.135346948906706
GO:0015969	7.442199768346762
GO:0015976	6.055905407226871
GO:0015986	7.036734660238597
GO:0015990	6.055905407226871
GO:0015992	4.839510082902378
GO:0016002	8.135346948906706
GO:0016020	2.5005573457374575
GO:0016021	2.7978088692053893
GO:0016024	8.135346948906706
GO:0016032	8.135346948906706
GO:0016036	6.343587479678652
GO:0016042	7.442199768346762
GO:0016052	6.749052587786816
GO:0016075	7.442199768346762
GO:0016078	8.135346948906706
GO:0016094	7.442199768346762
GO:0016149	7.442199768346762
GO:0016150	8.135346948906706
GO:0016151	5.427296747804497
GO:0016154	8.135346948906706
GO:0016158	8.135346948906706
GO:0016208	7.036734660238597
GO:0016209	8.135346948906706
GO:0016226	5.362758226666926
GO:0016259	8.135346948906706
GO:0016260	7.036734660238597
GO:0016279	8.135346948906706
GO:0016289	6.749052587786816
GO:0016290	7.442199768346762
GO:0016298	8.135346948906706
GO:0016301	4.839510082902378
GO:0016310	4.916471124038506
GO:0016311	4.351157314988446
GO:0016405	8.135346948906706
GO:0016407	7.036734660238597
GO:0016410	7.442199768346762
GO:0016413	8.135346948906706
GO:0016415	8.135346948906706
GO:0016416	8.135346948906706
GO:0016430	8.135346948906706
GO:0016434	8.135346948906706
GO:0016436	8.135346948906706
GO:0016437	8.135346948906706
GO:0016462	8.135346948906706
GO:0016463	8.135346948906706
GO:0016485	6.525909036472607
GO:0016491	3.9158392437306
GO:0016530	7.442199768346762
GO:0016531	7.442199768346762
GO:0016540	7.442199768346762
GO:0016579	8.135346948906706
GO:0016595	8.135346948906706
GO:0016597	5.832761855912661
GO:0016615	8.135346948906706
GO:0016616	5.650440299118706
GO:0016618	8.135346948906706
GO:0016620	8.135346948906706
GO:0016651	8.135346948906706
GO:0016655	7.442199768346762
GO:0016657	8.135346948906706
GO:0016661	8.135346948906706
GO:0016667	8.135346948906706
GO:0016671	7.036734660238597
GO:0016672	8.135346948906706
GO:0016675	8.135346948906706
GO:0016679	7.036734660238597
GO:0016682	6.749052587786816
GO:0016684	8.135346948906706
GO:0016705	8.135346948906706
GO:0016706	8.135346948906706
GO:0016709	8.135346948906706
GO:0016722	8.135346948906706
GO:0016724	8.135346948906706
GO:0016726	8.135346948906706
GO:0016731	8.135346948906706
GO:0016740	4.524429036262482
GO:0016743	8.135346948906706
GO:0016744	8.135346948906706
GO:0016746	7.036734660238597
GO:0016747	6.189436799851394
GO:0016748	8.135346948906706
GO:0016755	6.343587479678652
GO:0016757	5.57039759144517
GO:0016758	8.135346948906706
GO:0016763	7.442199768346762
GO:0016765	6.525909036472607
GO:0016772	6.343587479678652
GO:0016773	7.036734660238597
GO:0016776	6.343587479678652
GO:0016778	8.135346948906706
GO:0016779	6.749052587786816
GO:0016780	8.135346948906706
GO:0016783	6.525909036472607
GO:0016784	8.135346948906706
GO:0016787	4.285199347196649
GO:0016788	6.343587479678652
GO:0016790	7.036734660238597
GO:0016791	5.496289619291448
GO:0016793	8.135346948906706
GO:0016798	8.135346948906706
GO:0016799	8.135346948906706
GO:0016803	7.442199768346762
GO:0016805	7.442199768346762
GO:0016807	6.525909036472607
GO:0016810	7.036734660238597
GO:0016811	8.135346948906706
GO:0016812	8.135346948906706
GO:0016814	7.442199768346762
GO:0016818	7.036734660238597
GO:0016820	6.055905407226871
GO:0016823	8.135346948906706
GO:0016829	5.650440299118706
GO:0016830	8.135346948906706
GO:0016831	7.442199768346762
GO:0016832	5.938122371570488
GO:0016835	8.135346948906706
GO:0016836	6.749052587786816
GO:0016853	6.749052587786816
GO:0016855	7.036734660238597
GO:0016857	6.525909036472607
GO:0016866	7.036734660238597
GO:0016868	7.442199768346762
GO:0016869	8.135346948906706
GO:0016874	5.650440299118706
GO:0016876	8.135346948906706
GO:0016879	7.442199768346762
GO:0016881	8.135346948906706
GO:0016887	4.165055035354585
GO:0016888	6.749052587786816
GO:0016891	8.135346948906706
GO:0016892	7.036734660238597
GO:0016896	8.135346948906706
GO:0016901	7.442199768346762
GO:0016903	7.036734660238597
GO:0016966	8.135346948906706
GO:0016979	8.135346948906706
GO:0016987	7.036734660238597
GO:0016989	6.189436799851394
GO:0016992	8.135346948906706
GO:0016998	8.135346948906706
GO:0017001	8.135346948906706
GO:0017003	7.442199768346762
GO:0017004	6.189436799851394
GO:0017013	7.442199768346762
GO:0017038	7.036734660238597
GO:0017057	8.135346948906706
GO:0017089	7.442199768346762
GO:0017091	8.135346948906706
GO:0017101	8.135346948906706
GO:0017102	8.135346948906706
GO:0017108	7.442199768346762
GO:0017110	7.442199768346762
GO:0017111	7.036734660238597
GO:0017116	7.442199768346762
GO:0017117	8.135346948906706
GO:0017148	5.650440299118706
GO:0017150	7.036734660238597
GO:0017189	8.135346948906706
GO:0017198	8.135346948906706
GO:0018012	8.135346948906706
GO:0018023	8.135346948906706
GO:0018063	7.442199768346762
GO:0018070	7.442199768346762
GO:0018104	7.036734660238597
GO:0018105	8.135346948906706
GO:0018106	4.768051118920233
GO:0018108	8.135346948906706
GO:0018117	8.135346948906706
GO:0018125	8.135346948906706
GO:0018131	8.135346948906706
GO:0018160	8.135346948906706
GO:0018169	8.135346948906706
GO:0018247	8.135346948906706
GO:0018283	7.442199768346762
GO:0018298	8.135346948906706
GO:0018307	8.135346948906706
GO:0018315	8.135346948906706
GO:0018339	7.442199768346762
GO:0018345	8.135346948906706
GO:0018364	7.442199768346762
GO:0018378	7.036734660238597
GO:0018393	7.442199768346762
GO:0018394	8.135346948906706
GO:0018410	8.135346948906706
GO:0018455	8.135346948906706
GO:0018545	8.135346948906706
GO:0018738	7.442199768346762
GO:0018741	8.135346948906706
GO:0018756	8.135346948906706
GO:0018771	8.135346948906706
GO:0018909	8.135346948906706
GO:0018937	8.135346948906706
GO:0019003	6.343587479678652
GO:0019038	7.442199768346762
GO:0019068	7.442199768346762
GO:0019076	6.749052587786816
GO:0019104	7.036734660238597
GO:0019134	8.135346948906706
GO:0019142	8.135346948906706
GO:0019143	8.135346948906706
GO:0019144	7.442199768346762
GO:0019145	8.135346948906706
GO:0019146	7.442199768346762
GO:0019147	8.135346948906706
GO:0019148	8.135346948906706
GO:0019149	8.135346948906706
GO:0019154	7.036734660238597
GO:0019159	8.135346948906706
GO:0019165	8.135346948906706
GO:0019168	8.135346948906706
GO:0019172	7.442199768346762
GO:0019177	8.135346948906706
GO:0019180	8.135346948906706
GO:0019197	7.442199768346762
GO:0019200	7.036734660238597
GO:0019213	7.442199768346762
GO:0019217	8.135346948906706
GO:0019239	8.135346948906706
GO:0019242	8.135346948906706
GO:0019243	6.525909036472607
GO:0019249	8.135346948906706
GO:0019250	8.135346948906706
GO:0019262	6.525909036472607
GO:0019264	8.135346948906706
GO:0019272	7.442199768346762
GO:0019284	7.442199768346762
GO:0019285	7.442199768346762
GO:0019288	6.749052587786816
GO:0019292	8.135346948906706
GO:0019294	6.749052587786816
GO:0019299	8.135346948906706
GO:0019301	6.343587479678652
GO:0019303	7.442199768346762
GO:0019305	8.135346948906706
GO:0019309	8.135346948906706
GO:0019316	7.036734660238597
GO:0019318	8.135346948906706
GO:0019323	6.189436799851394
GO:0019324	6.525909036472607
GO:0019344	7.036734660238597
GO:0019353	6.749052587786816
GO:0019354	8.135346948906706
GO:0019379	8.135346948906706
GO:0019380	6.525909036472607
GO:0019388	8.135346948906706
GO:0019391	8.135346948906706
GO:0019394	8.135346948906706
GO:0019395	7.442199768346762
GO:0019404	7.442199768346762
GO:0019413	7.442199768346762
GO:0019419	8.135346948906706
GO:0019427	8.135346948906706
GO:0019430	7.036734660238597
GO:0019439	7.442199768346762
GO:0019447	8.135346948906706
GO:0019450	8.135346948906706
GO:0019464	7.036734660238597
GO:0019480	8.135346948906706
GO:0019516	7.442199768346762
GO:0019521	7.442199768346762
GO:0019534	8.135346948906706
GO:0019542	8.135346948906706
GO:0019545	6.525909036472607
GO:0019546	7.036734660238597
GO:0019563	7.442199768346762
GO:0019568	7.036734660238597
GO:0019569	7.036734660238597
GO:0019571	7.036734660238597
GO:0019572	8.135346948906706
GO:0019584	8.135346948906706
GO:0019588	7.442199768346762
GO:0019592	8.135346948906706
GO:0019595	8.135346948906706
GO:0019607	7.442199768346762
GO:0019622	7.036734660238597
GO:0019629	7.442199768346762
GO:0019632	6.749052587786816
GO:0019634	8.135346948906706
GO:0019645	6.055905407226871
GO:0019646	5.938122371570488
GO:0019664	7.442199768346762
GO:0019665	8.135346948906706
GO:0019676	7.442199768346762
GO:0019679	7.036734660238597
GO:0019686	8.135346948906706
GO:0019698	6.343587479678652
GO:0019700	6.055905407226871
GO:0019740	6.189436799851394
GO:0019752	8.135346948906706
GO:0019805	8.135346948906706
GO:0019808	8.135346948906706
GO:0019809	8.135346948906706
GO:0019810	7.442199768346762
GO:0019825	8.135346948906706
GO:0019826	8.135346948906706
GO:0019829	8.135346948906706
GO:0019835	6.525909036472607
GO:0019843	4.768051118920233
GO:0019852	7.442199768346762
GO:0019854	7.442199768346762
GO:0019856	7.442199768346762
GO:0019858	8.135346948906706
GO:0019859	8.135346948906706
GO:0019866	8.135346948906706
GO:0019867	6.525909036472607
GO:0019877	7.036734660238597
GO:0019878	7.442199768346762
GO:0019897	6.525909036472607
GO:0019898	6.749052587786816
GO:0019899	5.938122371570488
GO:0019901	8.135346948906706
GO:0019935	7.442199768346762
GO:0019985	7.036734660238597
GO:0019988	8.135346948906706
GO:0019992	8.135346948906706
GO:0020037	4.734149567244552
GO:0022417	7.442199768346762
GO:0022610	7.036734660238597
GO:0022611	6.343587479678652
GO:0022625	4.66961104610698
GO:0022627	4.916471124038506
GO:0022804	8.135346948906706
GO:0022833	8.135346948906706
GO:0022834	7.442199768346762
GO:0022838	8.135346948906706
GO:0022857	5.302133604850491
GO:0022865	8.135346948906706
GO:0022870	7.036734660238597
GO:0022872	8.135346948906706
GO:0022877	7.442199768346762
GO:0022883	8.135346948906706
GO:0022889	8.135346948906706
GO:0022890	7.442199768346762
GO:0022891	5.938122371570488
GO:0022892	8.135346948906706
GO:0022900	7.036734660238597
GO:0022904	6.749052587786816
GO:0023014	4.6388393874402265
GO:0030001	7.442199768346762
GO:0030007	8.135346948906706
GO:0030026	8.135346948906706
GO:0030091	5.832761855912661
GO:0030145	4.421774882202399
GO:0030151	6.189436799851394
GO:0030153	7.442199768346762
GO:0030162	7.442199768346762
GO:0030163	7.442199768346762
GO:0030170	4.374146833213144
GO:0030234	6.749052587786816
GO:0030244	8.135346948906706
GO:0030246	7.442199768346762
GO:0030258	7.442199768346762
GO:0030260	8.135346948906706
GO:0030261	8.135346948906706
GO:0030266	8.135346948906706
GO:0030267	7.442199768346762
GO:0030272	8.135346948906706
GO:0030288	3.131400642961248
GO:0030295	8.135346948906706
GO:0030307	8.135346948906706
GO:0030308	6.525909036472607
GO:0030313	8.135346948906706
GO:0030337	8.135346948906706
GO:0030366	8.135346948906706
GO:0030371	8.135346948906706
GO:0030388	7.036734660238597
GO:0030395	8.135346948906706
GO:0030428	6.525909036472607
GO:0030488	5.650440299118706
GO:0030490	7.036734660238597
GO:0030497	7.442199768346762
GO:0030529	4.8772504108852255
GO:0030541	7.442199768346762
GO:0030573	8.135346948906706
GO:0030604	8.135346948906706
GO:0030611	8.135346948906706
GO:0030613	8.135346948906706
GO:0030632	6.749052587786816
GO:0030641	7.442199768346762
GO:0030643	8.135346948906706
GO:0030674	7.036734660238597
GO:0030697	8.135346948906706
GO:0030798	8.135346948906706
GO:0030880	8.135346948906706
GO:0030894	7.442199768346762
GO:0030955	5.650440299118706
GO:0030961	8.135346948906706
GO:0030964	5.496289619291448
GO:0030975	8.135346948906706
GO:0030976	5.938122371570488
GO:0030980	7.036734660238597
GO:0030983	8.135346948906706
GO:0031071	7.442199768346762
GO:0031118	8.135346948906706
GO:0031119	6.343587479678652
GO:0031125	8.135346948906706
GO:0031132	8.135346948906706
GO:0031162	7.442199768346762
GO:0031167	6.525909036472607
GO:0031177	7.036734660238597
GO:0031220	8.135346948906706
GO:0031224	7.036734660238597
GO:0031225	7.036734660238597
GO:0031226	5.650440299118706
GO:0031230	7.442199768346762
GO:0031234	5.7374516761083365
GO:0031235	6.525909036472607
GO:0031236	7.036734660238597
GO:0031237	6.055905407226871
GO:0031240	7.442199768346762
GO:0031241	6.525909036472607
GO:0031246	6.749052587786816
GO:0031248	7.442199768346762
GO:0031250	7.442199768346762
GO:0031280	8.135346948906706
GO:0031297	8.135346948906706
GO:0031342	8.135346948906706
GO:0031346	8.135346948906706
GO:0031362	8.135346948906706
GO:0031365	8.135346948906706
GO:0031400	8.135346948906706
GO:0031402	7.036734660238597
GO:0031403	8.135346948906706
GO:0031404	7.442199768346762
GO:0031405	7.036734660238597
GO:0031418	8.135346948906706
GO:0031419	6.749052587786816
GO:0031420	8.135346948906706
GO:0031439	8.135346948906706
GO:0031459	8.135346948906706
GO:0031460	5.7374516761083365
GO:0031469	8.135346948906706
GO:0031471	6.749052587786816
GO:0031522	6.525909036472607
GO:0031554	8.135346948906706
GO:0031555	6.749052587786816
GO:0031556	7.036734660238597
GO:0031564	5.57039759144517
GO:0031638	8.135346948906706
GO:0031648	8.135346948906706
GO:0031669	7.442199768346762
GO:0031670	8.135346948906706
GO:0031956	8.135346948906706
GO:0031992	7.036734660238597
GO:0032025	7.442199768346762
GO:0032026	8.135346948906706
GO:0032049	7.036734660238597
GO:0032055	8.135346948906706
GO:0032067	8.135346948906706
GO:0032091	8.135346948906706
GO:0032131	8.135346948906706
GO:0032135	8.135346948906706
GO:0032136	8.135346948906706
GO:0032147	8.135346948906706
GO:0032150	8.135346948906706
GO:0032153	4.839510082902378
GO:0032194	8.135346948906706
GO:0032196	7.036734660238597
GO:0032238	8.135346948906706
GO:0032259	6.189436799851394
GO:0032261	8.135346948906706
GO:0032263	7.442199768346762
GO:0032264	7.442199768346762
GO:0032265	8.135346948906706
GO:0032267	8.135346948906706
GO:0032272	7.442199768346762
GO:0032297	7.036734660238597
GO:0032298	7.442199768346762
GO:0032300	7.036734660238597
GO:0032324	7.036734660238597
GO:0032329	7.442199768346762
GO:0032359	7.036734660238597
GO:0032403	7.442199768346762
GO:0032412	8.135346948906706
GO:0032413	8.135346948906706
GO:0032414	8.135346948906706
GO:0032445	6.525909036472607
GO:0032448	8.135346948906706
GO:0032462	8.135346948906706
GO:0032466	8.135346948906706
GO:0032467	8.135346948906706
GO:0032506	8.135346948906706
GO:0032508	5.832761855912661
GO:0032553	8.135346948906706
GO:0032556	8.135346948906706
GO:0032559	8.135346948906706
GO:0032561	8.135346948906706
GO:0032564	8.135346948906706
GO:0032567	8.135346948906706
GO:0032774	8.135346948906706
GO:0032775	7.036734660238597
GO:0032781	7.036734660238597
GO:0032784	7.442199768346762
GO:0032790	7.442199768346762
GO:0032794	8.135346948906706
GO:0032843	6.749052587786816
GO:0032947	8.135346948906706
GO:0032951	8.135346948906706
GO:0032955	7.442199768346762
GO:0032973	8.135346948906706
GO:0032977	7.442199768346762
GO:0032978	6.749052587786816
GO:0032993	7.036734660238597
GO:0033014	7.442199768346762
GO:0033051	8.135346948906706
GO:0033094	8.135346948906706
GO:0033120	8.135346948906706
GO:0033194	6.749052587786816
GO:0033195	8.135346948906706
GO:0033202	8.135346948906706
GO:0033212	7.036734660238597
GO:0033214	7.442199768346762
GO:0033228	6.749052587786816
GO:0033229	6.525909036472607
GO:0033230	8.135346948906706
GO:0033281	6.749052587786816
GO:0033317	6.749052587786816
GO:0033320	8.135346948906706
GO:0033345	8.135346948906706
GO:0033353	8.135346948906706
GO:0033359	7.442199768346762
GO:0033384	8.135346948906706
GO:0033477	8.135346948906706
GO:0033499	6.189436799851394
GO:0033518	8.135346948906706
GO:0033539	7.036734660238597
GO:0033542	8.135346948906706
GO:0033543	8.135346948906706
GO:0033558	7.442199768346762
GO:0033567	8.135346948906706
GO:0033585	7.442199768346762
GO:0033592	7.036734660238597
GO:0033608	8.135346948906706
GO:0033611	8.135346948906706
GO:0033613	8.135346948906706
GO:0033676	8.135346948906706
GO:0033677	8.135346948906706
GO:0033680	7.442199768346762
GO:0033683	8.135346948906706
GO:0033711	8.135346948906706
GO:0033737	8.135346948906706
GO:0033739	8.135346948906706
GO:0033743	8.135346948906706
GO:0033744	8.135346948906706
GO:0033745	8.135346948906706
GO:0033748	6.749052587786816
GO:0033764	8.135346948906706
GO:0033785	8.135346948906706
GO:0033786	8.135346948906706
GO:0033797	7.442199768346762
GO:0033812	8.135346948906706
GO:0033817	8.135346948906706
GO:0033818	8.135346948906706
GO:0033819	8.135346948906706
GO:0033856	8.135346948906706
GO:0033862	8.135346948906706
GO:0033863	8.135346948906706
GO:0033883	7.442199768346762
GO:0033969	8.135346948906706
GO:0033971	8.135346948906706
GO:0033982	7.442199768346762
GO:0034015	7.442199768346762
GO:0034017	8.135346948906706
GO:0034023	8.135346948906706
GO:0034024	8.135346948906706
GO:0034028	8.135346948906706
GO:0034040	7.036734660238597
GO:0034057	8.135346948906706
GO:0034194	7.036734660238597
GO:0034195	8.135346948906706
GO:0034198	7.036734660238597
GO:0034200	8.135346948906706
GO:0034203	8.135346948906706
GO:0034204	7.442199768346762
GO:0034213	8.135346948906706
GO:0034214	6.749052587786816
GO:0034219	4.146362902342433
GO:0034220	5.832761855912661
GO:0034224	7.442199768346762
GO:0034227	8.135346948906706
GO:0034257	8.135346948906706
GO:0034258	8.135346948906706
GO:0034260	8.135346948906706
GO:0034289	8.135346948906706
GO:0034335	7.442199768346762
GO:0034336	8.135346948906706
GO:0034337	7.442199768346762
GO:0034338	7.442199768346762
GO:0034353	8.135346948906706
GO:0034355	7.036734660238597
GO:0034401	8.135346948906706
GO:0034414	8.135346948906706
GO:0034419	8.135346948906706
GO:0034421	8.135346948906706
GO:0034458	8.135346948906706
GO:0034459	8.135346948906706
GO:0034470	8.135346948906706
GO:0034552	8.135346948906706
GO:0034567	7.442199768346762
GO:0034599	5.832761855912661
GO:0034605	6.525909036472607
GO:0034611	8.135346948906706
GO:0034614	7.442199768346762
GO:0034618	7.442199768346762
GO:0034620	8.135346948906706
GO:0034628	6.525909036472607
GO:0034634	7.036734660238597
GO:0034635	8.135346948906706
GO:0034639	8.135346948906706
GO:0034644	7.442199768346762
GO:0034661	8.135346948906706
GO:0034700	8.135346948906706
GO:0034775	6.525909036472607
GO:0034979	8.135346948906706
GO:0034983	7.442199768346762
GO:0034986	7.442199768346762
GO:0035235	6.749052587786816
GO:0035307	8.135346948906706
GO:0035312	8.135346948906706
GO:0035335	7.036734660238597
GO:0035344	7.442199768346762
GO:0035350	8.135346948906706
GO:0035368	8.135346948906706
GO:0035429	7.442199768346762
GO:0035433	8.135346948906706
GO:0035434	8.135346948906706
GO:0035435	5.938122371570488
GO:0035438	6.749052587786816
GO:0035442	5.7374516761083365
GO:0035443	7.036734660238597
GO:0035444	6.189436799851394
GO:0035460	8.135346948906706
GO:0035461	7.442199768346762
GO:0035515	8.135346948906706
GO:0035524	8.135346948906706
GO:0035527	7.442199768346762
GO:0035529	7.036734660238597
GO:0035539	8.135346948906706
GO:0035552	8.135346948906706
GO:0035553	8.135346948906706
GO:0035556	8.135346948906706
GO:0035597	8.135346948906706
GO:0035599	8.135346948906706
GO:0035600	8.135346948906706
GO:0035672	6.189436799851394
GO:0035725	6.343587479678652
GO:0035784	8.135346948906706
GO:0035864	8.135346948906706
GO:0035873	7.442199768346762
GO:0035888	8.135346948906706
GO:0035999	7.036734660238597
GO:0036001	8.135346948906706
GO:0036009	7.442199768346762
GO:0036047	8.135346948906706
GO:0036049	8.135346948906706
GO:0036055	8.135346948906706
GO:0036088	8.135346948906706
GO:0036094	8.135346948906706
GO:0036104	7.442199768346762
GO:0036172	8.135346948906706
GO:0036173	8.135346948906706
GO:0036214	8.135346948906706
GO:0036218	8.135346948906706
GO:0036221	8.135346948906706
GO:0036265	8.135346948906706
GO:0036289	7.442199768346762
GO:0036307	8.135346948906706
GO:0036308	8.135346948906706
GO:0036311	8.135346948906706
GO:0036355	8.135346948906706
GO:0036374	8.135346948906706
GO:0036397	6.343587479678652
GO:0036405	7.036734660238597
GO:0036406	8.135346948906706
GO:0036412	8.135346948906706
GO:0036439	8.135346948906706
GO:0036448	8.135346948906706
GO:0036455	8.135346948906706
GO:0036456	8.135346948906706
GO:0036460	6.343587479678652
GO:0036506	8.135346948906706
GO:0036524	7.036734660238597
GO:0036525	8.135346948906706
GO:0038083	7.442199768346762
GO:0040033	8.135346948906706
GO:0042026	6.525909036472607
GO:0042126	7.442199768346762
GO:0042128	8.135346948906706
GO:0042132	7.036734660238597
GO:0042150	7.036734660238597
GO:0042157	8.135346948906706
GO:0042158	7.442199768346762
GO:0042177	7.036734660238597
GO:0042182	8.135346948906706
GO:0042245	7.036734660238597
GO:0042254	6.343587479678652
GO:0042255	7.442199768346762
GO:0042274	6.749052587786816
GO:0042277	6.749052587786816
GO:0042279	7.036734660238597
GO:0042286	8.135346948906706
GO:0042301	7.442199768346762
GO:0042304	8.135346948906706
GO:0042355	6.343587479678652
GO:0042371	8.135346948906706
GO:0042380	8.135346948906706
GO:0042413	6.749052587786816
GO:0042450	6.749052587786816
GO:0042454	8.135346948906706
GO:0042493	4.916471124038506
GO:0042538	7.442199768346762
GO:0042542	6.055905407226871
GO:0042545	8.135346948906706
GO:0042577	8.135346948906706
GO:0042578	7.442199768346762
GO:0042586	8.135346948906706
GO:0042594	6.189436799851394
GO:0042597	3.9764638655470352
GO:0042602	7.036734660238597
GO:0042619	8.135346948906706
GO:0042623	6.189436799851394
GO:0042626	5.7374516761083365
GO:0042710	5.090824511183284
GO:0042732	7.036734660238597
GO:0042744	7.442199768346762
GO:0042759	7.442199768346762
GO:0042773	8.135346948906706
GO:0042777	8.135346948906706
GO:0042780	7.442199768346762
GO:0042781	8.135346948906706
GO:0042802	2.4150351722992953
GO:0042806	8.135346948906706
GO:0042817	8.135346948906706
GO:0042819	8.135346948906706
GO:0042823	7.036734660238597
GO:0042834	7.036734660238597
GO:0042838	6.749052587786816
GO:0042840	6.343587479678652
GO:0042843	7.442199768346762
GO:0042846	8.135346948906706
GO:0042852	8.135346948906706
GO:0042867	8.135346948906706
GO:0042873	8.135346948906706
GO:0042882	7.036734660238597
GO:0042884	6.189436799851394
GO:0042885	8.135346948906706
GO:0042891	6.343587479678652
GO:0042895	6.343587479678652
GO:0042906	6.749052587786816
GO:0042907	6.749052587786816
GO:0042908	7.036734660238597
GO:0042912	7.036734660238597
GO:0042914	7.442199768346762
GO:0042918	6.749052587786816
GO:0042919	8.135346948906706
GO:0042920	8.135346948906706
GO:0042925	8.135346948906706
GO:0042928	8.135346948906706
GO:0042930	7.442199768346762
GO:0042936	7.442199768346762
GO:0042937	7.036734660238597
GO:0042938	7.036734660238597
GO:0042939	8.135346948906706
GO:0042941	8.135346948906706
GO:0042942	7.442199768346762
GO:0042944	8.135346948906706
GO:0042945	7.442199768346762
GO:0042953	7.036734660238597
GO:0042954	7.036734660238597
GO:0042956	6.525909036472607
GO:0042958	8.135346948906706
GO:0042959	6.749052587786816
GO:0042960	8.135346948906706
GO:0042968	7.036734660238597
GO:0042970	7.036734660238597
GO:0043022	5.302133604850491
GO:0043023	5.7374516761083365
GO:0043024	5.7374516761083365
GO:0043039	7.442199768346762
GO:0043041	8.135346948906706
GO:0043085	5.7374516761083365
GO:0043086	5.427296747804497
GO:0043093	5.302133604850491
GO:0043097	7.036734660238597
GO:0043099	8.135346948906706
GO:0043100	8.135346948906706
GO:0043102	8.135346948906706
GO:0043103	8.135346948906706
GO:0043115	8.135346948906706
GO:0043136	8.135346948906706
GO:0043137	8.135346948906706
GO:0043140	7.036734660238597
GO:0043142	8.135346948906706
GO:0043150	8.135346948906706
GO:0043157	8.135346948906706
GO:0043164	6.055905407226871
GO:0043165	5.832761855912661
GO:0043168	8.135346948906706
GO:0043169	7.442199768346762
GO:0043171	6.525909036472607
GO:0043175	7.442199768346762
GO:0043190	3.5920521666367033
GO:0043199	7.442199768346762
GO:0043200	7.036734660238597
GO:0043201	8.135346948906706
GO:0043213	6.343587479678652
GO:0043231	6.749052587786816
GO:0043234	5.7374516761083365
GO:0043241	8.135346948906706
GO:0043254	8.135346948906706
GO:0043273	8.135346948906706
GO:0043295	8.135346948906706
GO:0043333	8.135346948906706
GO:0043335	6.749052587786816
GO:0043365	7.442199768346762
GO:0043424	7.442199768346762
GO:0043431	8.135346948906706
GO:0043433	6.343587479678652
GO:0043442	8.135346948906706
GO:0043456	8.135346948906706
GO:0043462	8.135346948906706
GO:0043470	8.135346948906706
GO:0043471	8.135346948906706
GO:0043488	6.749052587786816
GO:0043492	7.442199768346762
GO:0043527	8.135346948906706
GO:0043530	8.135346948906706
GO:0043531	6.055905407226871
GO:0043546	6.343587479678652
GO:0043547	7.036734660238597
GO:0043565	4.306705552417612
GO:0043571	7.036734660238597
GO:0043590	6.525909036472607
GO:0043600	8.135346948906706
GO:0043610	8.135346948906706
GO:0043621	8.135346948906706
GO:0043623	8.135346948906706
GO:0043686	8.135346948906706
GO:0043687	6.525909036472607
GO:0043708	6.343587479678652
GO:0043709	5.938122371570488
GO:0043711	5.650440299118706
GO:0043725	8.135346948906706
GO:0043726	7.442199768346762
GO:0043734	8.135346948906706
GO:0043737	8.135346948906706
GO:0043751	8.135346948906706
GO:0043764	8.135346948906706
GO:0043765	7.442199768346762
GO:0043768	8.135346948906706
GO:0043771	7.442199768346762
GO:0043798	7.442199768346762
GO:0043821	8.135346948906706
GO:0043825	8.135346948906706
GO:0043828	8.135346948906706
GO:0043838	8.135346948906706
GO:0043846	8.135346948906706
GO:0043847	8.135346948906706
GO:0043856	6.749052587786816
GO:0043872	8.135346948906706
GO:0043873	8.135346948906706
GO:0043875	8.135346948906706
GO:0043877	8.135346948906706
GO:0043879	7.036734660238597
GO:0043887	8.135346948906706
GO:0043906	8.135346948906706
GO:0043907	8.135346948906706
GO:0043916	8.135346948906706
GO:0043918	8.135346948906706
GO:0043952	6.525909036472607
GO:0043953	6.749052587786816
GO:0043957	8.135346948906706
GO:0044010	5.090824511183284
GO:0044011	6.055905407226871
GO:0044036	7.036734660238597
GO:0044038	8.135346948906706
GO:0044092	7.036734660238597
GO:0044179	8.135346948906706
GO:0044183	6.525909036472607
GO:0044208	8.135346948906706
GO:0044212	6.525909036472607
GO:0044248	8.135346948906706
GO:0044255	8.135346948906706
GO:0044262	7.036734660238597
GO:0044273	8.135346948906706
GO:0044275	8.135346948906706
GO:0044318	8.135346948906706
GO:0044349	8.135346948906706
GO:0044355	7.442199768346762
GO:0044532	8.135346948906706
GO:0044547	8.135346948906706
GO:0044569	6.189436799851394
GO:0044610	8.135346948906706
GO:0044659	6.749052587786816
GO:0044667	8.135346948906706
GO:0044715	8.135346948906706
GO:0044716	8.135346948906706
GO:0044718	7.442199768346762
GO:0044724	7.036734660238597
GO:0044729	8.135346948906706
GO:0044749	8.135346948906706
GO:0044764	8.135346948906706
GO:0044776	7.036734660238597
GO:0044780	6.189436799851394
GO:0044781	8.135346948906706
GO:0044787	8.135346948906706
GO:0044799	7.036734660238597
GO:0044874	6.525909036472607
GO:0045004	7.442199768346762
GO:0045013	8.135346948906706
GO:0045127	8.135346948906706
GO:0045145	8.135346948906706
GO:0045148	8.135346948906706
GO:0045152	7.442199768346762
GO:0045182	8.135346948906706
GO:0045203	5.832761855912661
GO:0045226	5.938122371570488
GO:0045252	7.442199768346762
GO:0045254	8.135346948906706
GO:0045261	6.525909036472607
GO:0045263	7.036734660238597
GO:0045272	5.57039759144517
GO:0045282	8.135346948906706
GO:0045284	6.749052587786816
GO:0045333	6.749052587786816
GO:0045337	8.135346948906706
GO:0045437	7.036734660238597
GO:0045454	5.496289619291448
GO:0045471	7.036734660238597
GO:0045717	8.135346948906706
GO:0045719	8.135346948906706
GO:0045723	8.135346948906706
GO:0045727	7.036734660238597
GO:0045732	8.135346948906706
GO:0045733	7.442199768346762
GO:0045819	8.135346948906706
GO:0045828	8.135346948906706
GO:0045848	8.135346948906706
GO:0045859	8.135346948906706
GO:0045861	8.135346948906706
GO:0045862	8.135346948906706
GO:0045883	8.135346948906706
GO:0045892	3.7786381222171155
GO:0045893	4.041002386684607
GO:0045900	7.036734660238597
GO:0045903	7.036734660238597
GO:0045912	8.135346948906706
GO:0045926	7.442199768346762
GO:0045936	8.135346948906706
GO:0045947	6.189436799851394
GO:0045975	8.135346948906706
GO:0045990	8.135346948906706
GO:0046037	8.135346948906706
GO:0046040	8.135346948906706
GO:0046047	8.135346948906706
GO:0046050	7.036734660238597
GO:0046052	8.135346948906706
GO:0046061	8.135346948906706
GO:0046076	8.135346948906706
GO:0046081	8.135346948906706
GO:0046086	8.135346948906706
GO:0046101	7.442199768346762
GO:0046104	8.135346948906706
GO:0046115	8.135346948906706
GO:0046133	7.442199768346762
GO:0046166	8.135346948906706
GO:0046168	6.749052587786816
GO:0046176	6.749052587786816
GO:0046177	6.749052587786816
GO:0046181	8.135346948906706
GO:0046183	7.036734660238597
GO:0046187	8.135346948906706
GO:0046196	8.135346948906706
GO:0046210	6.749052587786816
GO:0046214	8.135346948906706
GO:0046256	7.442199768346762
GO:0046271	8.135346948906706
GO:0046279	8.135346948906706
GO:0046292	8.135346948906706
GO:0046294	7.442199768346762
GO:0046296	6.525909036472607
GO:0046306	7.442199768346762
GO:0046316	7.442199768346762
GO:0046323	7.442199768346762
GO:0046325	8.135346948906706
GO:0046336	8.135346948906706
GO:0046342	8.135346948906706
GO:0046348	7.442199768346762
GO:0046365	8.135346948906706
GO:0046392	6.749052587786816
GO:0046397	8.135346948906706
GO:0046416	8.135346948906706
GO:0046421	8.135346948906706
GO:0046428	8.135346948906706
GO:0046429	8.135346948906706
GO:0046459	8.135346948906706
GO:0046470	8.135346948906706
GO:0046474	6.343587479678652
GO:0046487	8.135346948906706
GO:0046501	8.135346948906706
GO:0046537	8.135346948906706
GO:0046538	8.135346948906706
GO:0046553	8.135346948906706
GO:0046566	8.135346948906706
GO:0046583	7.442199768346762
GO:0046618	6.189436799851394
GO:0046654	6.525909036472607
GO:0046656	6.189436799851394
GO:0046657	7.442199768346762
GO:0046658	8.135346948906706
GO:0046677	4.223323943478561
GO:0046685	7.036734660238597
GO:0046686	7.442199768346762
GO:0046688	5.7374516761083365
GO:0046690	7.442199768346762
GO:0046710	8.135346948906706
GO:0046718	6.189436799851394
GO:0046777	4.916471124038506
GO:0046790	8.135346948906706
GO:0046820	7.442199768346762
GO:0046834	8.135346948906706
GO:0046835	5.139614675352716
GO:0046836	7.442199768346762
GO:0046839	8.135346948906706
GO:0046855	8.135346948906706
GO:0046857	8.135346948906706
GO:0046870	7.442199768346762
GO:0046872	3.992212222515174
GO:0046873	8.135346948906706
GO:0046892	8.135346948906706
GO:0046901	8.135346948906706
GO:0046906	8.135346948906706
GO:0046909	5.650440299118706
GO:0046914	6.525909036472607
GO:0046917	8.135346948906706
GO:0046930	6.525909036472607
GO:0046933	6.189436799851394
GO:0046939	6.525909036472607
GO:0046942	7.036734660238597
GO:0046943	8.135346948906706
GO:0046944	8.135346948906706
GO:0046961	6.189436799851394
GO:0046982	6.749052587786816
GO:0046983	8.135346948906706
GO:0046990	8.135346948906706
GO:0047067	8.135346948906706
GO:0047070	8.135346948906706
GO:0047106	8.135346948906706
GO:0047134	7.442199768346762
GO:0047270	8.135346948906706
GO:0047324	8.135346948906706
GO:0047389	8.135346948906706
GO:0047395	8.135346948906706
GO:0047405	7.442199768346762
GO:0047429	6.749052587786816
GO:0047440	7.442199768346762
GO:0047451	7.442199768346762
GO:0047456	8.135346948906706
GO:0047465	8.135346948906706
GO:0047475	8.135346948906706
GO:0047480	8.135346948906706
GO:0047484	8.135346948906706
GO:0047527	7.036734660238597
GO:0047545	7.442199768346762
GO:0047547	8.135346948906706
GO:0047577	8.135346948906706
GO:0047617	6.749052587786816
GO:0047622	8.135346948906706
GO:0047631	8.135346948906706
GO:0047652	8.135346948906706
GO:0047661	8.135346948906706
GO:0047681	8.135346948906706
GO:0047693	8.135346948906706
GO:0047724	7.442199768346762
GO:0047808	8.135346948906706
GO:0047840	8.135346948906706
GO:0047844	8.135346948906706
GO:0047917	8.135346948906706
GO:0047952	8.135346948906706
GO:0047954	8.135346948906706
GO:0047975	8.135346948906706
GO:0048001	8.135346948906706
GO:0048027	6.343587479678652
GO:0048029	6.749052587786816
GO:0048031	8.135346948906706
GO:0048034	8.135346948906706
GO:0048037	6.749052587786816
GO:0048038	8.135346948906706
GO:0048039	6.525909036472607
GO:0048040	8.135346948906706
GO:0048255	8.135346948906706
GO:0048473	7.036734660238597
GO:0048474	7.442199768346762
GO:0048476	6.343587479678652
GO:0048500	8.135346948906706
GO:0048518	8.135346948906706
GO:0048870	6.749052587786816
GO:0050032	8.135346948906706
GO:0050048	8.135346948906706
GO:0050084	7.442199768346762
GO:0050089	8.135346948906706
GO:0050131	8.135346948906706
GO:0050163	8.135346948906706
GO:0050179	8.135346948906706
GO:0050218	7.442199768346762
GO:0050225	8.135346948906706
GO:0050262	8.135346948906706
GO:0050263	8.135346948906706
GO:0050286	7.442199768346762
GO:0050308	6.189436799851394
GO:0050311	8.135346948906706
GO:0050355	7.442199768346762
GO:0050380	6.749052587786816
GO:0050385	8.135346948906706
GO:0050401	7.442199768346762
GO:0050418	8.135346948906706
GO:0050440	8.135346948906706
GO:0050446	8.135346948906706
GO:0050483	8.135346948906706
GO:0050484	8.135346948906706
GO:0050511	8.135346948906706
GO:0050515	8.135346948906706
GO:0050518	7.442199768346762
GO:0050519	8.135346948906706
GO:0050526	8.135346948906706
GO:0050569	8.135346948906706
GO:0050570	8.135346948906706
GO:0050572	8.135346948906706
GO:0050577	8.135346948906706
GO:0050626	7.036734660238597
GO:0050660	4.701359744421561
GO:0050661	5.7374516761083365
GO:0050662	7.442199768346762
GO:0050667	7.442199768346762
GO:0050779	8.135346948906706
GO:0050790	5.938122371570488
GO:0050821	6.525909036472607
GO:0050897	6.189436799851394
GO:0050918	7.036734660238597
GO:0050919	8.135346948906706
GO:0050997	8.135346948906706
GO:0051050	8.135346948906706
GO:0051065	8.135346948906706
GO:0051073	8.135346948906706
GO:0051075	8.135346948906706
GO:0051082	5.57039759144517
GO:0051083	8.135346948906706
GO:0051085	6.749052587786816
GO:0051087	6.525909036472607
GO:0051090	8.135346948906706
GO:0051091	7.442199768346762
GO:0051108	8.135346948906706
GO:0051109	8.135346948906706
GO:0051119	6.343587479678652
GO:0051131	8.135346948906706
GO:0051143	8.135346948906706
GO:0051156	8.135346948906706
GO:0051171	8.135346948906706
GO:0051188	8.135346948906706
GO:0051191	8.135346948906706
GO:0051192	8.135346948906706
GO:0051205	6.343587479678652
GO:0051213	8.135346948906706
GO:0051224	8.135346948906706
GO:0051252	8.135346948906706
GO:0051258	8.135346948906706
GO:0051260	6.189436799851394
GO:0051266	8.135346948906706
GO:0051270	8.135346948906706
GO:0051271	7.442199768346762
GO:0051274	7.442199768346762
GO:0051276	7.036734660238597
GO:0051287	5.57039759144517
GO:0051289	4.551828010450597
GO:0051301	4.579998887417293
GO:0051302	6.343587479678652
GO:0051304	8.135346948906706
GO:0051338	8.135346948906706
GO:0051345	7.442199768346762
GO:0051346	8.135346948906706
GO:0051347	8.135346948906706
GO:0051349	8.135346948906706
GO:0051353	7.442199768346762
GO:0051391	8.135346948906706
GO:0051392	8.135346948906706
GO:0051409	7.442199768346762
GO:0051410	8.135346948906706
GO:0051452	8.135346948906706
GO:0051453	7.442199768346762
GO:0051454	6.525909036472607
GO:0051476	8.135346948906706
GO:0051484	8.135346948906706
GO:0051495	8.135346948906706
GO:0051499	8.135346948906706
GO:0051500	8.135346948906706
GO:0051536	4.957293118558762
GO:0051537	5.044304495548391
GO:0051538	6.525909036472607
GO:0051539	4.1099952581715575
GO:0051540	8.135346948906706
GO:0051575	8.135346948906706
GO:0051595	6.525909036472607
GO:0051596	6.749052587786816
GO:0051599	8.135346948906706
GO:0051603	7.442199768346762
GO:0051604	5.362758226666926
GO:0051607	5.832761855912661
GO:0051649	7.442199768346762
GO:0051668	8.135346948906706
GO:0051692	7.442199768346762
GO:0051704	8.135346948906706
GO:0051715	8.135346948906706
GO:0051726	8.135346948906706
GO:0051747	8.135346948906706
GO:0051781	8.135346948906706
GO:0051782	6.525909036472607
GO:0051903	8.135346948906706
GO:0051908	8.135346948906706
GO:0051920	7.036734660238597
GO:0051977	8.135346948906706
GO:0051978	8.135346948906706
GO:0051983	8.135346948906706
GO:0051989	8.135346948906706
GO:0051990	8.135346948906706
GO:0052131	8.135346948906706
GO:0052381	8.135346948906706
GO:0052547	8.135346948906706
GO:0052590	8.135346948906706
GO:0052614	8.135346948906706
GO:0052621	5.832761855912661
GO:0052653	8.135346948906706
GO:0052665	7.442199768346762
GO:0052666	7.442199768346762
GO:0052689	7.036734660238597
GO:0052693	8.135346948906706
GO:0052717	8.135346948906706
GO:0052734	8.135346948906706
GO:0052737	8.135346948906706
GO:0052745	8.135346948906706
GO:0052751	8.135346948906706
GO:0052777	7.442199768346762
GO:0052778	8.135346948906706
GO:0052823	8.135346948906706
GO:0052851	8.135346948906706
GO:0052855	8.135346948906706
GO:0052856	8.135346948906706
GO:0052857	8.135346948906706
GO:0052858	8.135346948906706
GO:0052868	8.135346948906706
GO:0052873	8.135346948906706
GO:0052875	8.135346948906706
GO:0052890	8.135346948906706
GO:0052906	8.135346948906706
GO:0052907	8.135346948906706
GO:0052913	8.135346948906706
GO:0052914	8.135346948906706
GO:0052916	8.135346948906706
GO:0055052	4.66961104610698
GO:0055056	8.135346948906706
GO:0055070	7.442199768346762
GO:0055072	7.036734660238597
GO:0055085	3.2678124984511245
GO:0055086	7.442199768346762
GO:0055114	3.8726670718653917
GO:0055129	7.036734660238597
GO:0055130	7.442199768346762
GO:0060003	6.749052587786816
GO:0060187	6.055905407226871
GO:0060241	7.036734660238597
GO:0060274	8.135346948906706
GO:0060326	8.135346948906706
GO:0060566	8.135346948906706
GO:0060567	7.036734660238597
GO:0060698	7.036734660238597
GO:0060699	8.135346948906706
GO:0060702	6.525909036472607
GO:0061077	5.427296747804497
GO:0061463	8.135346948906706
GO:0061473	8.135346948906706
GO:0061475	8.135346948906706
GO:0061503	8.135346948906706
GO:0061504	8.135346948906706
GO:0061522	8.135346948906706
GO:0061542	8.135346948906706
GO:0061593	8.135346948906706
GO:0061594	8.135346948906706
GO:0061595	8.135346948906706
GO:0061596	8.135346948906706
GO:0061598	7.442199768346762
GO:0061599	8.135346948906706
GO:0061602	8.135346948906706
GO:0061603	8.135346948906706
GO:0061605	8.135346948906706
GO:0061610	8.135346948906706
GO:0061615	7.442199768346762
GO:0061693	8.135346948906706
GO:0061694	6.749052587786816
GO:0061710	8.135346948906706
GO:0061720	6.749052587786816
GO:0061733	8.135346948906706
GO:0061798	8.135346948906706
GO:0061799	8.135346948906706
GO:0065002	6.055905407226871
GO:0065007	7.442199768346762
GO:0070006	7.442199768346762
GO:0070025	7.442199768346762
GO:0070026	7.442199768346762
GO:0070038	8.135346948906706
GO:0070039	7.442199768346762
GO:0070040	8.135346948906706
GO:0070041	8.135346948906706
GO:0070042	8.135346948906706
GO:0070043	7.442199768346762
GO:0070069	6.749052587786816
GO:0070084	8.135346948906706
GO:0070178	8.135346948906706
GO:0070180	6.343587479678652
GO:0070181	6.343587479678652
GO:0070204	8.135346948906706
GO:0070205	8.135346948906706
GO:0070207	6.749052587786816
GO:0070298	8.135346948906706
GO:0070301	5.938122371570488
GO:0070329	7.442199768346762
GO:0070335	8.135346948906706
GO:0070389	7.442199768346762
GO:0070401	8.135346948906706
GO:0070402	7.036734660238597
GO:0070403	6.343587479678652
GO:0070404	8.135346948906706
GO:0070415	7.442199768346762
GO:0070417	7.442199768346762
GO:0070453	8.135346948906706
GO:0070475	5.190907969740267
GO:0070476	7.442199768346762
GO:0070482	8.135346948906706
GO:0070491	8.135346948906706
GO:0070497	8.135346948906706
GO:0070538	8.135346948906706
GO:0070573	7.442199768346762
GO:0070574	6.749052587786816
GO:0070579	8.135346948906706
GO:0070581	8.135346948906706
GO:0070588	8.135346948906706
GO:0070677	7.442199768346762
GO:0070678	8.135346948906706
GO:0070689	7.442199768346762
GO:0070728	8.135346948906706
GO:0070778	7.442199768346762
GO:0070819	8.135346948906706
GO:0070894	8.135346948906706
GO:0070905	8.135346948906706
GO:0070930	8.135346948906706
GO:0070968	7.442199768346762
GO:0070981	8.135346948906706
GO:0070989	8.135346948906706
GO:0071111	5.832761855912661
GO:0071139	7.442199768346762
GO:0071172	8.135346948906706
GO:0071218	8.135346948906706
GO:0071229	7.442199768346762
GO:0071230	8.135346948906706
GO:0071236	6.343587479678652
GO:0071237	7.442199768346762
GO:0071243	8.135346948906706
GO:0071248	8.135346948906706
GO:0071249	7.442199768346762
GO:0071250	7.442199768346762
GO:0071266	8.135346948906706
GO:0071271	7.442199768346762
GO:0071276	7.442199768346762
GO:0071280	7.442199768346762
GO:0071284	8.135346948906706
GO:0071286	7.442199768346762
GO:0071287	8.135346948906706
GO:0071288	7.442199768346762
GO:0071289	8.135346948906706
GO:0071291	8.135346948906706
GO:0071292	7.442199768346762
GO:0071294	7.442199768346762
GO:0071310	7.036734660238597
GO:0071421	7.036734660238597
GO:0071422	7.036734660238597
GO:0071423	8.135346948906706
GO:0071424	8.135346948906706
GO:0071436	8.135346948906706
GO:0071454	7.442199768346762
GO:0071456	8.135346948906706
GO:0071467	8.135346948906706
GO:0071468	5.938122371570488
GO:0071470	6.525909036472607
GO:0071474	6.749052587786816
GO:0071500	8.135346948906706
GO:0071502	8.135346948906706
GO:0071518	8.135346948906706
GO:0071522	8.135346948906706
GO:0071555	5.938122371570488
GO:0071575	5.7374516761083365
GO:0071577	6.343587479678652
GO:0071667	7.442199768346762
GO:0071705	8.135346948906706
GO:0071713	7.442199768346762
GO:0071723	7.442199768346762
GO:0071731	7.442199768346762
GO:0071732	8.135346948906706
GO:0071805	5.427296747804497
GO:0071806	6.525909036472607
GO:0071807	8.135346948906706
GO:0071890	8.135346948906706
GO:0071897	5.496289619291448
GO:0071915	8.135346948906706
GO:0071916	5.7374516761083365
GO:0071932	8.135346948906706
GO:0071934	7.036734660238597
GO:0071945	8.135346948906706
GO:0071949	5.496289619291448
GO:0071963	8.135346948906706
GO:0071967	8.135346948906706
GO:0071972	6.343587479678652
GO:0071973	5.190907969740267
GO:0071977	8.135346948906706
GO:0071978	5.496289619291448
GO:0072321	8.135346948906706
GO:0072323	8.135346948906706
GO:0072344	6.749052587786816
GO:0072348	8.135346948906706
GO:0072488	8.135346948906706
GO:0072511	7.442199768346762
GO:0072531	8.135346948906706
GO:0072581	8.135346948906706
GO:0072714	8.135346948906706
GO:0075713	7.036734660238597
GO:0080111	7.442199768346762
GO:0080146	6.525909036472607
GO:0080176	8.135346948906706
GO:0089702	8.135346948906706
GO:0089705	7.442199768346762
GO:0089709	7.036734660238597
GO:0089711	8.135346948906706
GO:0089712	7.442199768346762
GO:0089714	8.135346948906706
GO:0089715	8.135346948906706
GO:0090071	7.036734660238597
GO:0090116	8.135346948906706
GO:0090143	8.135346948906706
GO:0090305	3.8726670718653917
GO:0090313	7.442199768346762
GO:0090347	8.135346948906706
GO:0090352	8.135346948906706
GO:0090357	8.135346948906706
GO:0090358	8.135346948906706
GO:0090483	8.135346948906706
GO:0090484	8.135346948906706
GO:0090499	8.135346948906706
GO:0090501	5.7374516761083365
GO:0090502	5.139614675352716
GO:0090503	6.055905407226871
GO:0090529	7.036734660238597
GO:0090540	7.036734660238597
GO:0090549	7.442199768346762
GO:0090563	5.427296747804497
GO:0090564	8.135346948906706
GO:0090565	8.135346948906706
GO:0090566	7.442199768346762
GO:0090581	8.135346948906706
GO:0090582	6.749052587786816
GO:0090584	6.749052587786816
GO:0090585	7.036734660238597
GO:0090586	8.135346948906706
GO:0090587	8.135346948906706
GO:0090588	8.135346948906706
GO:0090589	7.442199768346762
GO:0090609	8.135346948906706
GO:0097023	7.442199768346762
GO:0097047	8.135346948906706
GO:0097056	8.135346948906706
GO:0097098	8.135346948906706
GO:0097163	6.343587479678652
GO:0097216	7.036734660238597
GO:0097264	8.135346948906706
GO:0097304	8.135346948906706
GO:0097339	8.135346948906706
GO:0097347	7.442199768346762
GO:0097351	8.135346948906706
GO:0097367	5.650440299118706
GO:0097428	6.189436799851394
GO:0097502	8.135346948906706
GO:0097533	8.135346948906706
GO:0097573	8.135346948906706
GO:0097627	7.036734660238597
GO:0097638	6.189436799851394
GO:0097639	7.036734660238597
GO:0097640	7.036734660238597
GO:0097697	8.135346948906706
GO:0098002	8.135346948906706
GO:0098655	5.044304495548391
GO:0098656	8.135346948906706
GO:0098707	8.135346948906706
GO:0098708	6.749052587786816
GO:0098710	7.442199768346762
GO:0098713	6.749052587786816
GO:0098719	8.135346948906706
GO:0098732	8.135346948906706
GO:0098795	8.135346948906706
GO:0098796	7.036734660238597
GO:0098797	6.343587479678652
GO:0098848	8.135346948906706
GO:0098869	5.139614675352716
GO:0099131	8.135346948906706
GO:0099132	4.9998527329775575
GO:0099133	5.139614675352716
GO:0099618	8.135346948906706
GO:0099619	8.135346948906706
GO:0099620	8.135346948906706
GO:0099621	8.135346948906706
GO:0101014	8.135346948906706
GO:0101030	8.135346948906706
GO:0102005	8.135346948906706
GO:0102008	8.135346948906706
GO:0102009	8.135346948906706
GO:0102031	8.135346948906706
GO:0102083	8.135346948906706
GO:0102132	8.135346948906706
GO:0102264	8.135346948906706
GO:0102391	8.135346948906706
GO:0102480	8.135346948906706
GO:0102483	8.135346948906706
GO:0103043	8.135346948906706
GO:0103046	8.135346948906706
GO:0103053	8.135346948906706
GO:0103115	8.135346948906706
GO:0103117	8.135346948906706
GO:0103118	8.135346948906706
GO:1900190	6.343587479678652
GO:1900191	8.135346948906706
GO:1900192	8.135346948906706
GO:1900231	8.135346948906706
GO:1900232	7.036734660238597
GO:1900233	8.135346948906706
GO:1900372	8.135346948906706
GO:1900727	8.135346948906706
GO:1900750	8.135346948906706
GO:1900751	8.135346948906706
GO:1901135	5.57039759144517
GO:1901260	8.135346948906706
GO:1901264	7.036734660238597
GO:1901275	8.135346948906706
GO:1901281	8.135346948906706
GO:1901359	8.135346948906706
GO:1901367	7.442199768346762
GO:1901422	7.036734660238597
GO:1901530	6.749052587786816
GO:1901562	8.135346948906706
GO:1901575	8.135346948906706
GO:1901611	8.135346948906706
GO:1901612	8.135346948906706
GO:1901642	6.525909036472607
GO:1901652	7.036734660238597
GO:1901657	7.036734660238597
GO:1901682	8.135346948906706
GO:1901683	8.135346948906706
GO:1901684	8.135346948906706
GO:1901891	8.135346948906706
GO:1901973	8.135346948906706
GO:1901982	8.135346948906706
GO:1901998	7.442199768346762
GO:1902021	6.749052587786816
GO:1902022	7.442199768346762
GO:1902023	8.135346948906706
GO:1902047	6.525909036472607
GO:1902201	6.189436799851394
GO:1902208	8.135346948906706
GO:1902209	7.442199768346762
GO:1902210	8.135346948906706
GO:1902270	8.135346948906706
GO:1902328	8.135346948906706
GO:1902358	6.189436799851394
GO:1902475	6.189436799851394
GO:1902476	7.442199768346762
GO:1902599	6.525909036472607
GO:1902600	5.57039759144517
GO:1902601	7.442199768346762
GO:1902603	8.135346948906706
GO:1902670	7.442199768346762
GO:1902758	8.135346948906706
GO:1902760	8.135346948906706
GO:1902767	8.135346948906706
GO:1902777	6.525909036472607
GO:1902778	8.135346948906706
GO:1902815	7.036734660238597
GO:1903228	8.135346948906706
GO:1903352	8.135346948906706
GO:1903401	7.442199768346762
GO:1903424	8.135346948906706
GO:1903425	8.135346948906706
GO:1903457	8.135346948906706
GO:1903506	6.749052587786816
GO:1903507	8.135346948906706
GO:1903658	8.135346948906706
GO:1903711	6.525909036472607
GO:1903712	6.525909036472607
GO:1903714	6.525909036472607
GO:1903716	7.442199768346762
GO:1903785	6.055905407226871
GO:1903791	7.442199768346762
GO:1903810	7.036734660238597
GO:1903825	8.135346948906706
GO:1903826	7.442199768346762
GO:1903830	7.442199768346762
GO:1903874	7.036734660238597
GO:1903959	7.036734660238597
GO:1904047	8.135346948906706
GO:1904659	8.135346948906706
GO:1904812	8.135346948906706
GO:1905039	7.036734660238597
GO:1990000	7.442199768346762
GO:1990002	7.442199768346762
GO:1990060	7.036734660238597
GO:1990063	6.525909036472607
GO:1990097	8.135346948906706
GO:1990099	8.135346948906706
GO:1990145	7.036734660238597
GO:1990169	8.135346948906706
GO:1990178	8.135346948906706
GO:1990189	8.135346948906706
GO:1990204	8.135346948906706
GO:1990220	7.442199768346762
GO:1990228	7.036734660238597
GO:1990230	7.442199768346762
GO:1990238	6.749052587786816
GO:1990275	8.135346948906706
GO:1990281	7.036734660238597
GO:1990451	8.135346948906706
GO:1990481	8.135346948906706
GO:1990497	8.135346948906706
GO:1990507	8.135346948906706
GO:1990516	8.135346948906706
GO:1990837	8.135346948906706
GO:1990883	8.135346948906706
GO:1990929	8.135346948906706
GO:2000104	8.135346948906706
GO:2000142	6.749052587786816
GO:2000143	6.055905407226871
GO:2000144	5.7374516761083365
GO:2000145	7.442199768346762
GO:2000186	8.135346948906706
GO:2000245	8.135346948906706
GO:2000372	7.442199768346762
GO:2000678	8.135346948906706
GO:2000766	8.135346948906706
GO:2000892	8.135346948906706
GO:2001023	8.135346948906706
GO:2001125	8.135346948906706
GO:2001251	8.135346948906706
GO:2001315	8.135346948906706
