#ID	#SYMBOL	PMID	F_AUTH	ID_SUMMARY	VARIANTS	HPO
P1-PIGN	PIGN	24852103	Brady	Brady;2014;PIGN;Patient	18:59777066C>T[homozygous,splicingsplicing|5ss|disrupted]	HP:0001626;HP:0002089;HP:0001831;HP:0030030;HP:0000054;HP:0000175;HP:0000110;HP:0012165;HP:0002623;HP:0002566;HP:0000028;HP:0001060;HP:0025193;HP:0003244;HP:0000776;HP:0000316;HP:0000445;HP:0000377;HP:0000463;HP:0000271
P2-PIGV	PIGV	24129430	Horn	Horn;2014;PIGV;Patient 7	1:27121547C>A[homozygous,codingcoding|missense]	HP:0004378;HP:0002251;HP:0002194;HP:0001655;HP:0000175;HP:0000126;HP:0001195;HP:0003155;HP:0001250;HP:0000455;HP:0001252;HP:0011344;HP:0000750;HP:0009836;HP:0001344;HP:0005484;HP:0000271
P3-PGAP3	PGAP3	24439110	Howard	Howard;2014;PGAP3;II-1/Family C	17:37840968G>C[homozygous,codingcoding|missense]	HP:0002079;HP:0002123;HP:0006956;HP:0002265;HP:0003155;HP:0000316;HP:0001270;HP:0003196;HP:0000455;HP:0001252;HP:0011344;HP:0000750;HP:0000431;HP:0000752;HP:0011166;HP:0010804
P4-PIGN	PIGN	27038415	McInerney-Leo	McInerney-Leo;2016;PIGN;COLL-2.3	18:59814315T>A[homozygous,codingcoding|unknown]	HP:0000174;HP:0000110;HP:0000803;HP:0012718
P5-PIGL	PIGL	28327575	Pagnamenta	Pagnamenta;2017;PIGL;277013	17:16120588G>A[heterozygous,codingcoding|stop-codon];17:16203200A>G[heterozygous,splicingsplicing|3ss|disrupted]	HP:0002069;HP:0002194;HP:0000154;HP:0030084;HP:0006347;HP:0010055;HP:0000107;HP:0000958;HP:0003155;HP:0000405;HP:0000965;HP:0000767;HP:0001263;HP:0000687;HP:0000365;HP:0009381;HP:0003764
P6-PGAP3	PGAP3	24439110	Howard	Howard;2014;PGAP3;II-1/Family B	17:37829105T>C[heterozygous,codingcoding|missense];17:37830926G>GG[heterozygous,codingcoding|missense]	HP:0004322;HP:0002123;HP:0002069;HP:0000637;HP:0004325;HP:0003155;HP:0000316;HP:0001270;HP:0001250;HP:0003196;HP:0000455;HP:0001263;HP:0001252;HP:0011344;HP:0000750;HP:0000431;HP:0001344;HP:0010804;HP:0000582
P7-PIGV	PIGV	24129430	Horn	Horn;2014;PIGV;Patient 6	1:27121547C>A[homozygous,codingcoding|missense]	HP:0003155;HP:0000316;HP:0002251;HP:0002194;HP:0000455;HP:0011398;HP:0001263;HP:0000750;HP:0006895;HP:0000271;HP:0000081;HP:0002814
P8-PGAP3	PGAP3	28327575	Pagnamenta	Pagnamenta;2017;PGAP3;257982-affectedbrother	17:37829105T>C[heterozygous,codingcoding|missense];17:37840962G>A[heterozygous,codingcoding|missense]	HP:0012810;HP:0008935;HP:0006108;HP:0002194;HP:0000175;HP:0012345;HP:0025335;HP:0002136;HP:0000219;HP:0000369;HP:0004619;HP:0003186;HP:0000286;HP:0001488;HP:0001357;HP:0001305;HP:0010818;HP:0002121;HP:0000154;HP:0001763;HP:0000319;HP:0000316;HP:0100543;HP:0003155;HP:0002938;HP:0000403;HP:0000687;HP:0001344
P9-PIGV	PIGV	24129430	Horn	Horn;2014;PIGV;Patient 4	1:27121547C>A[homozygous,codingcoding|missense]	HP:0002123;HP:0005490;HP:0001792;HP:0003155;HP:0000316;HP:0000767;HP:0001250;HP:0000455;HP:0001252;HP:0011344;HP:0000750;HP:0000431;HP:0009381;HP:0005914;HP:0010804;HP:0000271
P10-PGAP3	PGAP3	29531774	Sakaguchi	Sakaguchi;2018;PGAP3;proband	17:37840968G>T[homozygous,codingcoding|missense]	HP:0001769;HP:0002079;HP:0002360;HP:0006118;HP:0002650;HP:0000175;HP:0002197;HP:0000028;HP:0000736;HP:0001290;HP:0003155;HP:0011443;HP:0000369;HP:0000347;HP:0003763;HP:0001263;HP:0000278;HP:0000431;HP:0010804;HP:0001837
P11-PIGG	PIGG	26996948	Makrythanasis	Makrythanasis;2016;PIGG;JP01	4:517638C>T[homozygous,codingcoding|missense]	HP:0001250;HP:0004396;HP:0001263;HP:0000750;HP:0001252;HP:0001321;HP:0001510;HP:0002059;HP:0000717
P12-DPM3	DPM3	19576565	Lefeber	Lefeber;2009;DPM3;patient	1:155112463A>G[homozygous,codingcoding|missense]	HP:0004302;HP:0003805;HP:0004322;HP:0003707;HP:0025502;HP:0001644;HP:0001763;HP:0003160;HP:0002401;HP:0002910;HP:0002515;HP:0003487;HP:0005109;HP:0003560;HP:0003198;HP:0003701;HP:0009053;HP:0001928;HP:0003259;HP:0003555;HP:0001315
P13-PIGV	PIGV	24129430	Horn	Horn;2014;PIGV;Patient 5	1:27121547C>A[homozygous,codingcoding|missense]	HP:0000750;HP:0011344;HP:0001792;HP:0009381;HP:0003155;HP:0010804;HP:0000283;HP:0009882;HP:0001831;HP:0000271;HP:0001336
P14-PGAP1	PGAP1	24784135	Murakami	Murakami;2014;PGAP1;III-2/MR079	2:197777663TAAG>T[homozygous,codingcoding|missense]	HP:0000733;HP:0002121;HP:0001319;HP:0001270;HP:0012444;HP:0000400;HP:0001263;HP:0010864;HP:0000252
P15-PIGG	PIGG	26996948	Makrythanasis	Makrythanasis;2016;PIGG;PK01	4:521020G>C[homozygous,splicingsplicing|5ss|disrupted]	HP:0001263;HP:0001250;HP:0006829;HP:0007370;HP:0011343;HP:0001344;HP:0000729;HP:0008855;HP:0030047
P16-PGAP1	PGAP1	27206732	Kettwig	Kettwig;2016;PGAP1;II-1	2:197781283T>TT[heterozygous,codingcoding|missense];2:197755552C>G[heterozygous,splicingsplicing|3ss|disrupted]	HP:0006801;HP:0012444;HP:0002421;HP:0002098;HP:0000639;HP:0002104;HP:0001290;HP:0001270;HP:0003487;HP:0000750;HP:0025047;HP:0011400;HP:0005484;HP:0000496;HP:0001336;HP:0001337
P17-PIGV	PIGV	24129430	Horn	Horn;2014;PIGV;Patient 1	1:27121430T>C[homozygous,codingcoding|missense]	HP:0040255;HP:0002023;HP:0002251;HP:0000175;HP:0005807;HP:0002335;HP:0000126;HP:0002334;HP:0003155;HP:0003037;HP:0000316;HP:0000455;HP:0009748;HP:0009617;HP:0005781;HP:0001629
P18-DPM2	DPM2	23109149	Barone	Barone;2012;DPM2;Patient 3	9:130699738T>C[homozygous,codingcoding|missense]	HP:0001999;HP:0002058;HP:0002650;HP:0002421;HP:0002197;HP:0011968;HP:0011947;HP:0040081;HP:0002803;HP:0030951;HP:0001250;HP:0011398;HP:0001263;HP:0003198;HP:0001321;HP:0001320;HP:0001344;HP:0005484
P19-PIGN	PIGN	21493957	Maydan	Maydan;2011;PIGN;V-2	18:59763135C>T[homozygous,codingcoding|missense]	HP:0001615;HP:0002100;HP:0000072;HP:0001631;HP:0000034;HP:0000639;HP:0001290;HP:0000219;HP:0000646;HP:0002705;HP:0000400;HP:0000278;HP:0000486;HP:0000341;HP:0001347;HP:0001337;HP:0011271;HP:0001945;HP:0000194;HP:0002020;HP:0002286;HP:0000126;HP:0000319;HP:0002305;HP:0010880;HP:0000316;HP:0001182;HP:0000269;HP:0001263;HP:0002090
P20-DPM2	DPM2	23109149	Barone	Barone;2012;DPM2;Patient 2	9:130699738T>C[homozygous,codingcoding|missense]	HP:0001999;HP:0002058;HP:0002650;HP:0002421;HP:0002197;HP:0011968;HP:0011947;HP:0040081;HP:0002803;HP:0030951;HP:0000689;HP:0001250;HP:0000347;HP:0011398;HP:0001263;HP:0000486;HP:0003198;HP:0001321;HP:0001320;HP:0001344;HP:0005484
P21-PIGA	PIGA	24259288	Swoboda	Swoboda;2014;PIGA;III-10	X:15342942TAAG>T[hemizygous,codingcoding|missense]	HP:0040134;HP:0001712;HP:0001744;HP:0002174;HP:0012103;HP:0001873;HP:0001760;HP:0007190;HP:0200034;HP:0009909;HP:0002529;HP:0001250;HP:0001371;HP:0011952;HP:0000684;HP:0001541;HP:0001298;HP:0005484;HP:0001399;HP:0000496;HP:0001939;HP:0001357;HP:0002240;HP:0002133;HP:0006349;HP:0004322;HP:0002650;HP:0100704;HP:0002753;HP:0002119;HP:0002599;HP:0000029;HP:0003202;HP:0000687;HP:0001257;HP:0000691;HP:0003765;HP:0000980;HP:0001413;HP:0002171
P22-DPM1	DPM1	10642597	Kim	Kim;2000;DPM1;PY	20:49565187G>C[homozygous,codingcoding|missense];20:49562412ATGATGTAGTTTCC>A[heterozygous,codingenhancer|reduced-transcription]	HP:0012448;HP:0004322;HP:0001643;HP:0100704;HP:0002015;HP:0002104;HP:0001250;HP:0000822;HP:0001272;HP:0000486;HP:0003186;HP:0005484;HP:0003236;HP:0007333
P23-PGAP2	PGAP2	23561846	Hansen	Hansen;2013;PGAP2;V:6/MR5	11:3846254G>C[homozygous,codingcoding|missense]	HP:0003155;HP:0001270;HP:0002360;HP:0004322;HP:0010864;HP:0001252;HP:0000486;HP:0001324;HP:0002059;HP:0001305;HP:0002536;HP:0003155;HP:0001270;HP:0002360;HP:0004322;HP:0010864;HP:0001252;HP:0000486;HP:0001324;HP:0002059;HP:0001305;HP:0002536;HP:0002121;HP:0001270;HP:0003202;HP:0004322;HP:0010864;HP:0000750;HP:0001324;HP:0002059;HP:0002121;HP:0001270;HP:0003202;HP:0004322;HP:0010864;HP:0000750;HP:0001252;HP:0001324;HP:0002059;HP:0002121;HP:0004322;HP:0002360;HP:0010864;HP:0002059;HP:0002536;HP:0003155;HP:0001270;HP:0003202;HP:0001252;HP:0000750;HP:0000486;HP:0001324;HP:0001305;HP:0002121;HP:0004322;HP:0002360;HP:0010864;HP:0002059;HP:0002536;HP:0003155;HP:0001270;HP:0003202;HP:0001252;HP:0000750;HP:0000486;HP:0001324;HP:0001305
P24-PIGG	PIGG	26996948	Makrythanasis	Makrythanasis;2016;PIGG;PK02	4:521020G>C[homozygous,splicingsplicing|5ss|disrupted]	HP:0001263;HP:0001250;HP:0006829;HP:0007370;HP:0011343;HP:0001344;HP:0000729;HP:0008855;HP:0030047
P25-PGAP1	PGAP1	27206732	Kettwig	Kettwig;2016;PGAP1;II-2	2:197781283T>TT[heterozygous,codingcoding|missense];2:197755552C>G[heterozygous,splicingsplicing|3ss|disrupted]	HP:0012547;HP:0006801;HP:0012444;HP:0002421;HP:0002098;HP:0012101;HP:0000639;HP:0002104;HP:0001290;HP:0030874;HP:0001270;HP:0003487;HP:0001250;HP:0025047;HP:0005484;HP:0001336;HP:0001337
P26-PIGA	PIGA	24357517	Belet	Belet;2014;PIGA;III-8/Family B	X:15349977A>AA[hemizygous,codingcoding|missense]	HP:0012469;HP:0001272;HP:0001263;HP:0002521;HP:0002500;HP:0002090
P27-PIGV	PIGV	24129430	Horn	Horn;2014;PIGV;Patient 2	1:27121547C>A[homozygous,codingcoding|missense]	HP:0009882;HP:0002251;HP:0001821;HP:0003155;HP:0000316;HP:0000455;HP:0001252;HP:0011344;HP:0000750;HP:0009836;HP:0000431;HP:0005484;HP:0010804;HP:0000271;HP:0010819
P28-PIGN	PIGN	21493957	Maydan	Maydan;2011;PIGN;V-1	18:59763135C>T[homozygous,codingcoding|missense]	HP:0004467;HP:0000194;HP:0001655;HP:0000034;HP:0004969;HP:0000639;HP:0000646;HP:0002705;HP:0000347;HP:0000269;HP:0001156;HP:0009748;HP:0000774;HP:0000341;HP:0010804;HP:0000280
P29-DPM2	DPM2	23109149	Barone	Barone;2012;DPM2;Patient 1	9:130699738T>C[heterozygous,codingcoding|missense];9:130699803C>G[heterozygous,splicingsplicing|3ss|disrupted]	HP:0002194;HP:0025404;HP:0002421;HP:0012157;HP:0002205;HP:0011947;HP:0000617;HP:0002910;HP:0000219;HP:0002705;HP:0006380;HP:0001250;HP:0000347;HP:0003196;HP:0011398;HP:0011344;HP:0001561;HP:0005484;HP:0100360;HP:0000294;HP:0008936;HP:0002240;HP:0002002;HP:0040246;HP:0002553;HP:0002098;HP:0030903;HP:0030235;HP:0002987;HP:0002878;HP:0000648;HP:0010460;HP:0100543;HP:0000601;HP:0000271;HP:0002090
P30-PIGV	PIGV	24129430	Horn	Horn;2014;PIGV;Patient 3	1:27121547C>A[homozygous,codingcoding|missense]	HP:0002251;HP:0006118;HP:0000077;HP:0003155;HP:0000316;HP:0001250;HP:0000455;HP:0011398;HP:0001252;HP:0011344;HP:0000750;HP:0009836;HP:0000431;HP:0010804;HP:0000271
P31-PGAP2	PGAP2	23561846	Hansen	Hansen;2013;PGAP2;IV:1/MR043	11:3845243A>G[homozygous,codingcoding|missense]	HP:0003155;HP:0001270;HP:0002360;HP:0004322;HP:0010864;HP:0001252;HP:0000486;HP:0001324;HP:0002059;HP:0001305;HP:0002536;HP:0003155;HP:0001270;HP:0002360;HP:0004322;HP:0010864;HP:0001252;HP:0000486;HP:0001324;HP:0002059;HP:0001305;HP:0002536
P32-PIGW	PIGW	24367057	Chiyonobu	Chiyonobu;2014;PIGW;Patient	17:34893161A>C[heterozygous,codingcoding|missense];17:34893449A>G[heterozygous,codingcoding|missense]	HP:0001999;HP:0003155;HP:0000431;HP:0000023;HP:0012310;HP:0002521;HP:0010804
P33-PGAP2	PGAP2	29119105	Perez	Perez;2017;PGAP2;Patient 4-IV-7	11:3846278G>A[homozygous,codingcoding|missense]	HP:0003155;HP:0001263;HP:0000750;HP:0001256;HP:0000805
P34-PIGW	PIGW	27626616	Hogrebe	Hogrebe;2016;PIGW;Patient 1	17:34893410A>G[homozygous,codingcoding|missense]	HP:0001270;HP:0001250;HP:0001252;HP:0002098;HP:0001662;HP:0002527;HP:0010296;HP:0010819
P35-PIGN	PIGN	27038415	McInerney-Leo	McInerney-Leo;2016;PIGN;NSGC-7.4	18:59770027G>A[heterozygous,codingcoding|missense];18:597774218C>G[heterozygous,splicingsplicing|5ss|disrupted]	HP:0000174;HP:0000110;HP:0000803;HP:0012718
P36-PGAP3	PGAP3	28390064	Abdel-Hamid	Abdel-Hamid;2017;PGAP3;Patient8/Family7	17:37840883G>GG[homozygous,codingcoding|missense]	HP:0002187;HP:0002079;HP:0002123;HP:0002553;HP:0002265;HP:0002119;HP:0003194;HP:0000717;HP:0030047;HP:0000637;HP:0004325;HP:0000448;HP:0000316;HP:0001270;HP:0003155;HP:0003763;HP:0011398;HP:0000431;HP:0000752;HP:0005484;HP:0001344;HP:0010804;HP:0001357;HP:0001305
P37-PIGO	PIGO	22683086	Krawitz	Krawitz;2012;PIGO;II-1/family A	9:35090263G>A[heterozygous,codingcoding|missense];9:35091522T>TG[heterozygous,codingcoding|stop-codon]	HP:0003155;HP:0001252;HP:0001263;HP:0010804;HP:0002025;HP:0000316;HP:0000750;HP:0001270;HP:0004322;HP:0000455;HP:0000431;HP:0006118;HP:0000076;HP:0000637;HP:0002251
P38-PIGN	PIGN	24253414	Ohba	Ohba;2014;PIGN;Patient 1	18:59813256A>G[heterozygous,codingcoding|missense];18:59810539C>T[heterozygous,codingcoding|missense]	HP:0002384;HP:0012448;HP:0000076;HP:0010544;HP:0000010;HP:0000639;HP:0012381;HP:0002705;HP:0001272;HP:0000347;HP:0011398;HP:0000341;HP:0003700;HP:0000286;HP:0010804;HP:0003324;HP:0001337;HP:0000194;HP:0004396;HP:0002119;HP:0000269;HP:0001263;HP:0001344;HP:0010506
P39-PGAP3	PGAP3	28390064	Abdel-Hamid	Abdel-Hamid;2017;PGAP3;Patient9/Family8	17:37840883G>GG[homozygous,codingcoding|missense]	HP:0002187;HP:0002079;HP:0002069;HP:0002553;HP:0000175;HP:0002265;HP:0003194;HP:0000028;HP:0000717;HP:0000637;HP:0000448;HP:0003155;HP:0000316;HP:0001270;HP:0003763;HP:0011398;HP:0000431;HP:0000752;HP:0001344;HP:0005484;HP:0000540;HP:0010804
P40-PIGV	PIGV	22315194	Thompson	Thompson;2012;PIGV;Patient 1	1:27120992G>A[heterozygous,codingcoding|missense];1:27121019C>A[heterozygous,codingcoding|missense]	HP:0006118;HP:0002069;HP:0002019;HP:0001792;HP:0000637;HP:0002714;HP:0000426;HP:0001270;HP:0011398;HP:0000311;HP:0000256;HP:0010804;HP:0001545;HP:0009894;HP:0000391;HP:0004378;HP:0002650;HP:0000126;HP:0003155;HP:0011343;HP:0000378;HP:0001520;HP:0001510;HP:0001344;HP:0000271;HP:0010819
P41-PIGG	PIGG	26996948	Makrythanasis	Makrythanasis;2016;PIGG;EG01	4:509788C>T[homozygous,codingcoding|missense]	HP:0001250;HP:0001382;HP:0011398;HP:0011343;HP:0001263;HP:0006829;HP:0007370;HP:0000729;HP:0001344;HP:0008855;HP:0030047
P42-PIGP	PIGP	28334793	Johnstone	Johnstone;2017;PIGP;female proband	21:38444814A>G[heterozygous,codingcoding|missense];21:38437903TT>T[heterozygous,codingcoding|stop-codon]	HP:0002100;HP:0010553;HP:0001250;HP:0002353;HP:0100704;HP:0000817;HP:0001347;HP:0002521;HP:0002169;HP:0002835;HP:0000549
P43-PIGC	PIGC	27694521	Edvardson	Edvardson;2017;PIGC;FamilyB-II-1	1:172411702G>A[heterozygous,codingcoding|missense];1:172411128A>G[heterozygous,codingcoding|missense]	HP:0001250;HP:0001263;HP:0001249
P44-DPM1	DPM1	10642597	Kim	Kim;2000;DPM1;CH	20:49565187G>C[homozygous,codingcoding|missense]	HP:0012448;HP:0006801;HP:0000174;HP:0002353;HP:0010844;HP:0002374;HP:0100704;HP:0001250;HP:0011398;HP:0001263;HP:0000961;HP:0005484;HP:0001028;HP:0005949;HP:0000494;HP:0003259;HP:0001009;HP:0000271
P45-PGAP3	PGAP3	24439110	Howard	Howard;2014;PGAP3;V-3/Family A	17:37842179C>T[homozygous,codingcoding|missense]	HP:0002265;HP:0004305;HP:0000218;HP:0003155;HP:0000316;HP:0001270;HP:0003196;HP:0000455;HP:0003763;HP:0001263;HP:0001252;HP:0011344;HP:0000750;HP:0000431;HP:0005484;HP:0010804;HP:0000582
P46-PIGL	PIGL	25706356	Fujiwara	Fujiwara;2015;PIGL;girl	17:16120577GTCTTGGCATGGGG>G[heterozygous,codingcoding|missense];17:16137303GAG>G[heterozygous,codingcoding|missense]	HP:0006956;HP:0005280;HP:0002194;HP:0002421;HP:0002750;HP:0010546;HP:0004042;HP:0001792;HP:0011927;HP:0000637;HP:0000218;HP:0001250;HP:0011398;HP:0000684;HP:0000486;HP:0000365;HP:0010804;HP:0000280;HP:0000158;HP:0002789;HP:0000316;HP:0003155;HP:0011800;HP:0001320;HP:0000364;HP:0000463;HP:0001344;HP:0000293;HP:0006956;HP:0005280;HP:0002194;HP:0002421;HP:0002750;HP:0010546;HP:0004042;HP:0001792;HP:0011927;HP:0000637;HP:0000218;HP:0001250;HP:0011398;HP:0000684;HP:0000486;HP:0000365;HP:0010804;HP:0000280;HP:0000158;HP:0002789;HP:0000316;HP:0003155;HP:0011800;HP:0001320;HP:0000364;HP:0000463;HP:0001344;HP:0000293
P47-PIGV	PIGV	22315194	Thompson	Thompson;2012;PIGV;Patient 3	1:27121547C>A[heterozygous,codingcoding|missense];1:27121547C>T[heterozygous,codingcoding|missense]	HP:0000072;HP:0006118;HP:0002883;HP:0001195;HP:0001250;HP:0000303;HP:0011398;HP:0011344;HP:0010804;HP:0100023;HP:0200006;HP:0000280;HP:0004378;HP:0010864;HP:0000077;HP:0000126;HP:0005326;HP:0000316;HP:0000699;HP:0003155;HP:0001061;HP:0011343;HP:0001263;HP:0000750;HP:0001562;HP:0010746;HP:0001510
P48-PIGW	PIGW	27626616	Hogrebe	Hogrebe;2016;PIGW;Patient  2	17:34893410A>G[homozygous,codingcoding|missense]	HP:0002607;HP:0001270;HP:0002123;HP:0001250;HP:0001263;HP:0001252;HP:0000158;HP:0010819
P49-PIGN	PIGN	24253414	Ohba	Ohba;2014;PIGN;Patient2	18:59813256A>G[heterozygous,codingcoding|missense];18:59810539C>T[heterozygous,codingcoding|missense]	HP:0002384;HP:0012448;HP:0000076;HP:0010544;HP:0000010;HP:0000639;HP:0012381;HP:0002705;HP:0001272;HP:0000347;HP:0011398;HP:0000341;HP:0003700;HP:0000286;HP:0010804;HP:0003324;HP:0001337;HP:0000194;HP:0004396;HP:0002119;HP:0000269;HP:0001263;HP:0001344;HP:0010506
P50-PIGT	PIGT	28327575	Pagnamenta	Pagnamenta;2017;PIGT;270250	20:44048803G>C[homozygous,codingcoding|missense]	HP:0002187;HP:0040288;HP:0007141;HP:0001250;HP:0001283;HP:3000033;HP:0200134;HP:0002353;HP:0000252;HP:0003282;HP:0100765;HP:0011471
P51-PIGN	PIGN	29096607	Thiffault	Thiffault;2017;PIGN;male	18:59828406C>A[heterozygous,codingcoding|missense];18:598244979C>T[heterozygous,codingcoding|missense]	HP:0002384;HP:0012703;HP:0000174;HP:0002194;HP:0002421;HP:0002353;HP:0002457;HP:0002533;HP:0004305;HP:0003196;HP:0001263;HP:0100370;HP:0100702;HP:0001344;HP:0100371
P52-PIGM	PIGM	16767100	Almeida	Almeida;2006;PIGM;Family 1-1B	1:160001799G>A[heterozygous,3UTRunknown]	HP:0002121;HP:0030242;HP:0030243
P53-PIGV	PIGV	22315194	Thompson	Thompson;2012;PIGV;Patient 2	1:27120992G>A[heterozygous,codingcoding|missense];1:27121019C>A[heterozygous,codingcoding|missense]	HP:0002251;HP:0002013;HP:0001623;HP:0002558;HP:0002714;HP:0000218;HP:0001270;HP:0001250;HP:0000256;HP:0005484;HP:0010804;HP:0009894;HP:0000391;HP:0004378;HP:0040262;HP:0012374;HP:0003270;HP:0000126;HP:0003155;HP:0001263;HP:0000378;HP:0010946;HP:0001520;HP:0001510;HP:0001344;HP:0000271
P54-PIGG	PIGG	26996948	Makrythanasis	Makrythanasis;2016;PIGG;EG02	4:509788C>T[homozygous,codingcoding|missense]	HP:0001250;HP:0001382;HP:0011343;HP:0001263;HP:0006829;HP:0007370;HP:0000729;HP:0001344;HP:0008855;HP:0030047
P55-PGAP2	PGAP2	29119105	Perez	Perez;2017;PGAP2;Patient 2-IV-5	11:3846278G>A[homozygous,codingcoding|missense]	HP:0003155;HP:0001250;HP:0001263;HP:0002342;HP:0031491;HP:0000708;HP:0000718
P56-PIGN	PIGN	27038415	McInerney-Leo	McInerney-Leo;2016;PIGN;NSGC-7.3	18:59770027G>A[heterozygous,codingcoding|missense];18:597774218C>G[heterozygous,splicingsplicing|5ss|disrupted]	HP:0000174;HP:0000110;HP:0000803;HP:0012718
P57-MPDU1	MPDU1	11733564	Schenk	Schenk;2001;MPDU1;Patient S	17:7489312G>A[homozygous,codingcoding|missense]	HP:0040189;HP:0001250;HP:0008064;HP:0003510;HP:0011344;HP:0001541;HP:0001276;HP:0011968;HP:0001510;HP:0012050;HP:0040189;HP:0040196;HP:0001698;HP:0001873;HP:0011968;HP:0002119;HP:0002521;HP:0000803;HP:0000648;HP:0012050;HP:0001250;HP:0003510;HP:0008064;HP:0011344;HP:0001541;HP:0001276;HP:0001510;HP:0012704;HP:0040189;HP:0001319;HP:0011968;HP:0012050;HP:0001250;HP:0003510;HP:0008064;HP:0011344;HP:0001541;HP:0000233;HP:0001276;HP:0000242;HP:0001510;HP:0000260
P58-PIGT	PIGT	25943031	Lam	Lam;2015;PIGT;Patient 2	20:44049218C>CC[heterozygous,codingcoding|missense];20:44052963C>T[heterozygous,codingcoding|missense]	HP:0009127;HP:0005280;HP:0002069;HP:0010841;HP:0025458;HP:0001631;HP:0002720;HP:0000938;HP:0030718;HP:0002334;HP:0002059;HP:0000639;HP:0000924;HP:0002835;HP:0002714;HP:0002705;HP:0000545;HP:0003100;HP:0011994;HP:0000248;HP:0001250;HP:0001272;HP:0000767;HP:0011996;HP:0000486;HP:0000343;HP:0000365;HP:0000341;HP:0001513;HP:0009131;HP:0001337;HP:0001537;HP:0002187;HP:0002650;HP:0002870;HP:0002020;HP:0002850;HP:0100704;HP:0030856;HP:0030854;HP:0000348;HP:0001382;HP:0001263;HP:0000463;HP:0001336;HP:0010819
P59-PGAP2	PGAP2	29119105	Perez	Perez;2017;PGAP2;Patient 3-IV-6	11:3846278G>A[homozygous,codingcoding|missense]	HP:0003155;HP:0000750;HP:0001575;HP:0001256;HP:0000716
P60-PGAP2	PGAP2	29119105	Perez	Perez;2017;PGAP2;Patient 1-IV-3	11:3846278G>A[homozygous,codingcoding|missense]	HP:0002373;HP:0003155;HP:0000750;HP:0001575;HP:0001256;HP:0000716
P61-PIGY	PIGY	26293662	Ilkovski	Ilkovski;2015;PIGY;Family A-II-2	4:89442804A>G[homozygous,codingcoding|missense]	HP:0000023;HP:0000938;HP:0010943;HP:0002027;HP:0011927;HP:0000519;HP:0002835;HP:0003155;HP:0002617;HP:0001250;HP:0003273;HP:0001561;HP:0009826;HP:0001510;HP:0003236
P62-PGAP3	PGAP3	27120253	Knaus	Knaus;2016;PGAP3;A-II-1	17:37840962G>A[heterozygous,codingcoding|missense];17:37829913C>T[heterozygous,splicingsplicing|3ss|disrupted]	HP:0002123;HP:0002360;HP:0000175;HP:0000718;HP:0000717;HP:0000637;HP:0000722;HP:0003155;HP:0001270;HP:0410030;HP:0001250;HP:0001263;HP:0000431;HP:0001344;HP:0010804;HP:0000582
P63-PIGA	PIGA	24357517	Belet	Belet;2014;PIGA;IV-2/Family B	X:15349977A>AA[hemizygous,codingcoding|missense]	HP:0001270;HP:0008936;HP:0001250;HP:0001263;HP:0002521;HP:0001336
P64-PIGV	PIGV	22315194	Thompson	Thompson;2012;PIGV;Patient 4	1:27124222C>T[heterozygous,codingcoding|missense]	HP:0003155;HP:0000316;HP:0001250;HP:0002069;HP:0011398;HP:0001263;HP:0000431;HP:0001344;HP:0010804;HP:0001525;HP:0000280
P65-PIGT	PIGT	25943031	Lam	Lam;2015;PIGT;Patient 1	20:44049218C>CC[heterozygous,codingcoding|missense];20:44052963C>T[heterozygous,codingcoding|missense]	HP:0009127;HP:0005280;HP:0001657;HP:0002069;HP:0010841;HP:0025458;HP:0000938;HP:0002334;HP:0002059;HP:0000639;HP:0002835;HP:0002714;HP:0002705;HP:0003100;HP:0001272;HP:0000248;HP:0000486;HP:0000365;HP:0000343;HP:0000484;HP:0000341;HP:0001929;HP:0005616;HP:0001513;HP:0009131;HP:0003225;HP:0002155;HP:0002650;HP:0002020;HP:0100704;HP:0006254;HP:0000826;HP:0000348;HP:0011167;HP:0000463;HP:0001336
P66-PIGA	PIGA	25885527	Tarailo-Graovac	Tarailo-Graovac;2015;PIGA;II:2	X:15342986C>T[hemizygous,codingcoding|missense]	HP:0002123;HP:0001520;HP:0012736;HP:0012385;HP:0001371;HP:0002236;HP:0006191;HP:0005484;HP:0002063;HP:0012745;HP:0000324;HP:0012469;HP:0000637;HP:0008936;HP:0004673;HP:0005989;HP:0000248;HP:0002705;HP:0000316;HP:0002267;HP:0002521;HP:0001250;HP:0000474;HP:0001357;HP:0005469;HP:0000311;HP:0000337;HP:0100538;HP:0002056;HP:0001488;HP:0002835;HP:0000545;HP:0004308;HP:0002059;HP:0000365;HP:0000126;HP:0004446;HP:0006994;HP:0002104;HP:0002240;HP:0001667;HP:0000543;HP:0003155;HP:0007370;HP:0030515;HP:0000556;HP:0001103;HP:0031145;HP:0031145
P67-PGAP2	PGAP2	23561847	Krawitz	Krawitz;2013;PGAP2;Individual A	11:3832535C>T[heterozygous,codingcoding|missense];11:3845560C>T[heterozygous,codingcoding|missense]	HP:0003155;HP:0001270;HP:0001250;HP:0000431;HP:0010804;HP:0001249
P68-PGAP3	PGAP3	28390064	Abdel-Hamid	Abdel-Hamid;2017;PGAP3;Patient1/Family1	17:37840883G>GG[homozygous,codingcoding|missense]	HP:0002079;HP:0002553;HP:0010864;HP:0002265;HP:0003194;HP:0000639;HP:0000717;HP:0000637;HP:0000448;HP:0003155;HP:0000316;HP:0001270;HP:0000204;HP:0011398;HP:0000202;HP:0001321;HP:0000431;HP:0001344;HP:0005484;HP:0001433;HP:0010804
P69-PIGL	PIGL	22444671	Ng	Ng;2012;PIGL;33300	17:16220000T>C[heterozygous,codingcoding|missense]	HP:0010047;HP:0000193;HP:0005280;HP:0010049;HP:0100759;HP:0025474;HP:0002213;HP:0002059;HP:0000958;HP:0100542;HP:0100760;HP:0001270;HP:0000589;HP:0008064;HP:0000894;HP:0000377;HP:0008070;HP:0009931;HP:0000286;HP:0000252;HP:0001169;HP:0001999;HP:0001769;HP:0001945;HP:0010783;HP:0004279;HP:0001943;HP:0010038;HP:0012211;HP:0000989;HP:0002901;HP:0012471;HP:0030148;HP:0005469;HP:0000405;HP:0000316;HP:0000455;HP:0007808;HP:0001156;HP:0000322;HP:0000972;HP:0000463;HP:0001598;HP:0100040;HP:0001805
P70-PIGO	PIGO	22683086	Krawitz	Krawitz;2012;PIGO;II-1/family A	9:35090263G>A[heterozygous,codingcoding|missense];9:35091522T>TG[heterozygous,codingcoding|stop-codon]	HP:0003155;HP:0001252;HP:0001263;HP:0010804;HP:0002025;HP:0000316;HP:0004322;HP:0000750;HP:0001270;HP:0000455;HP:0000431;HP:0006118;HP:0000076;HP:0000637
P71-PIGQ	PIGQ	24463883	Martin	Martin;2014;PIGQ;Patient 	16:625837A>G[homozygous,splicingsplicing|5ss|disrupted]	HP:0010851;HP:0001371;HP:0012443;HP:0001250
P72-PIGT	PIGT	24906948	Nakashima	Nakashima;2014;PIGT;female proband	20:44045219G>T[heterozygous,codingcoding|stop-codon];20:44052963C>T[heterozygous,codingcoding|missense]	HP:0000072;HP:0005280;HP:0011648;HP:0000639;HP:0002059;HP:0008872;HP:0002714;HP:0000218;HP:0000787;HP:0001250;HP:0000347;HP:0000369;HP:0001272;HP:0001252;HP:0001561;HP:0000486;HP:0010804;HP:0000272;HP:0007366;HP:0002187;HP:0000071;HP:0002133;HP:0006913;HP:0002650;HP:0002119;HP:0000939;HP:0003282;HP:0000505;HP:0000463;HP:0000582
P73-DPM3	DPM3	28803818	Van den Bergh	Van den Bergh;2017;DPM3;patient	1:155112676A>C[homozygous,codingcoding|missense]	HP:0045054;HP:0007340;HP:0030096;HP:0003198;HP:0008180;HP:0003700;HP:0003391;HP:0002527;HP:0012649;HP:0100285;HP:0002317
P74-PIGT	PIGT	28327575	Pagnamenta	Pagnamenta;2017;PIGT;270250	20:44048803G>C[homozygous,codingcoding|missense]	HP:0002187;HP:0040288;HP:0007141;HP:0001250;HP:0001283;HP:3000033;HP:0200134;HP:0002353;HP:0000252;HP:0003282;HP:0100765;HP:0011471
P75-PGAP2	PGAP2	23561847	Krawitz	Krawitz;2013;PGAP2;Individual B	11:3845327T>C[homozygous,codingcoding|missense]	HP:0003155;HP:0001270;HP:0001250;HP:0000431;HP:0010804;HP:0001249;HP:0002251;HP:0002079;HP:0002025;HP:0002650;HP:0000175;HP:0000154;HP:0001631;HP:0000637;HP:0003155;HP:0000316;HP:0001270;HP:0001250;HP:0000455;HP:0001252;HP:0011344;HP:0000750;HP:0000431;HP:0000365;HP:0005484;HP:0010804;HP:0001249
P76-PIGA	PIGA	24259288	Swoboda	Swoboda;2014;PIGA;III-9	X:15342942TAAG>T[hemizygous,codingcoding|missense]	HP:0002133;HP:0008936;HP:0100704;HP:0002120;HP:0002540;HP:0030903;HP:0001182;HP:0011951;HP:0001250;HP:0000365;HP:0001344;HP:0005484;HP:0001433;HP:0001336;HP:0009085;HP:0001348;HP:0000280
P77-PGAP3	PGAP3	24439110	Howard	Howard;2014;PGAP3;V-1/Family A	17:37842179C>T[homozygous,codingcoding|missense]	HP:0002069;HP:0000175;HP:0002265;HP:0004305;HP:0000218;HP:0003155;HP:0000316;HP:0001270;HP:0003196;HP:0000455;HP:0003763;HP:0001263;HP:0001252;HP:0000750;HP:0000431;HP:0005484;HP:0010804;HP:0010819
P78-PGAP3	PGAP3	28390064	Abdel-Hamid	Abdel-Hamid;2017;PGAP3;Patient10/family8	17:37840883G>GG[homozygous,codingcoding|missense]	HP:0002079;HP:0001601;HP:0002553;HP:0000175;HP:0010864;HP:0002265;HP:0000023;HP:0003194;HP:0000717;HP:0000637;HP:0000448;HP:0003155;HP:0000316;HP:0001270;HP:0011398;HP:0000431;HP:0000752;HP:0001256;HP:0001344;HP:0000540;HP:0010804
P79-PIGO	PIGO	28327575	Pagnamenta	Pagnamenta;2017;PIGO;263039	9:35092578G>A[heterozygous,codingcoding|missense];9:35093964C>T[heterozygous,codingcoding|missense]	HP:0002251;HP:0002013;HP:0001810;HP:0002164;HP:0000407;HP:0000219;HP:0001270;HP:0003155;HP:0001263;HP:0001156;HP:0000364;HP:0001344;HP:0000252;HP:0001817;HP:0001804
P80-PGAP3	PGAP3	28390064	Abdel-Hamid	Abdel-Hamid;2017;PGAP3;Patient2/Family2	17:37840883G>GG[homozygous,codingcoding|missense]	HP:0002187;HP:0002079;HP:0002553;HP:0000175;HP:0001643;HP:0002265;HP:0003194;HP:0000717;HP:0000637;HP:0000448;HP:0000316;HP:0001270;HP:0003155;HP:0000822;HP:0003763;HP:0011398;HP:0000202;HP:0000431;HP:0000752;HP:0005484;HP:0001344;HP:0002092;HP:0010804;HP:0010808
P81-PIGA	PIGA	24706016	Kato	Kato;2014;PIGA;IV-2	X:15339849G>A[hemizygous,codingcoding|stop-codon]	HP:0002123;HP:0002079;HP:0001371;HP:0001250;HP:0010851;HP:0011398;HP:0000076;HP:0001347;HP:0012430;HP:0000271
P82-PGAP3	PGAP3	28390064	Abdel-Hamid	Abdel-Hamid;2017;PGAP3;Patient3/Family3	17:37840883G>GG[homozygous,codingcoding|missense]	HP:0002079;HP:0002069;HP:0002265;HP:0001631;HP:0008501;HP:0003194;HP:0000637;HP:0000448;HP:0001270;HP:0001250;HP:0011398;HP:0003186;HP:0005484;HP:0010804;HP:0010808;HP:0002187;HP:0002553;HP:0006872;HP:0000717;HP:0000316;HP:0003155;HP:0000431;HP:0000752;HP:0001433;HP:0001344
P83-PIGL	PIGL	22444671	Ng	Ng;2012;PIGL;682-2-1	17:16220000T>C[heterozygous,codingcoding|missense];17:16221214C>T[heterozygous,codingcoding|stop-codon]	HP:0002286;HP:0002213;HP:0002059;HP:0012471;HP:0000405;HP:0000316;HP:0000589;HP:0001250;HP:0000248;HP:0008064;HP:0011069;HP:0000687;HP:0000972;HP:0000431;HP:0001288;HP:0008070;HP:0000396;HP:0000286;HP:0100040;HP:0001249;HP:0001638
P84-PIGO	PIGO	22683086	Krawitz	Krawitz;2012;PIGO;II-1/family B	9:35090263G>A[heterozygous,codingcoding|missense];9:35090058C>T[heterozygous,splicingsplicing|5ss|disrupted]	HP:0001250;HP:0002265;HP:0001263;HP:0011316;HP:0004969;HP:0000324;HP:0010804;HP:0000316;HP:0002540;HP:0001270;HP:0000637;HP:0000494;HP:0000508;HP:0001792;HP:0003155;HP:0004209;HP:0000455;HP:0009642;HP:0000431;HP:0001631;HP:0006118;HP:0001800;HP:0000252;HP:0009909
P85-DPM1	DPM1	23856421	Yang	Yang;2013;DPM1;patient	20:49558607C>A[heterozygous,codingcoding|missense]	HP:0001270;HP:0001250;HP:0011398;HP:0002457;HP:0005484;HP:0012385;HP:0009276;HP:0040081
P86-PGAP1	PGAP1	25823418	Williams	Williams;2015;PGAP1;patient	2:197737731A>T[heterozygous,codingcoding|stop-codon];2:197740500G>A[heterozygous,codingcoding|stop-codon]	HP:0012448;HP:0012447;HP:0002079;HP:0012443;HP:0100704;HP:0011968;HP:0100660;HP:0011398;HP:0001263;HP:0000750;HP:0010845;HP:0012429;HP:0000271;HP:0001249
P87-PGAP3	PGAP3	28794914	Nampoothiri	Nampoothiri;2017;PGAP3;Older Brother	17:37829352T>C[homozygous,codingcoding|missense]	HP:0002263;HP:0001999;HP:0002373;HP:0004322;HP:0000175;HP:0002098;HP:0008897;HP:0011968;HP:0000508;HP:0000717;HP:0000319;HP:0001290;HP:0000733;HP:0001270;HP:0001263;HP:0009748;HP:0000431;HP:0000365;HP:0001344;HP:0010804;HP:0000582;HP:0001629;HP:0000490
P88-PGAP3	PGAP3	28390064	Abdel-Hamid	Abdel-Hamid;2017;PGAP3;Patient7/Family7	17:37840883G>GG[homozygous,codingcoding|missense]	HP:0002187;HP:0002079;HP:0002069;HP:0002553;HP:0000175;HP:0002265;HP:0000023;HP:0012450;HP:0003194;HP:0000028;HP:0000717;HP:0000637;HP:0000448;HP:0000316;HP:0001270;HP:0003155;HP:0012390;HP:0001250;HP:0003763;HP:0011398;HP:0000431;HP:0000752;HP:0005484;HP:0010804
P89-PGAP3	PGAP3	28390064	Abdel-Hamid	Abdel-Hamid;2017;PGAP3;Patient6/Family6	17:37840883G>GG[homozygous,codingcoding|missense]	HP:0002079;HP:0012714;HP:0002553;HP:0000175;HP:0010864;HP:0002265;HP:0008501;HP:0002119;HP:0003194;HP:0000717;HP:0000637;HP:0000448;HP:0003155;HP:0000316;HP:0001270;HP:0011398;HP:0000431;HP:0000752;HP:0001344;HP:0005484;HP:0010804;HP:0007930
P90-PIGO	PIGO	24417746	Nakamura	Nakamura;2014;PIGO;Individual II-1	9:35095174G>T[heterozygous,codingcoding|missense];9:35092596G>A[heterozygous,codingcoding|stop-codon]	HP:0002384;HP:0002069;HP:0002063;HP:0010864;HP:0002510;HP:0002059;HP:0003155;HP:0002705;HP:0001250;HP:0001263;HP:0200134;HP:0001252;HP:0002072;HP:0010804;HP:0100275
P91-PGAP1	PGAP1	26050939	Granzow	Granzow;2015;PGAP1;1.2	2:197755637T>C[homozygous,splicingsplicing|5ss|disrupted]	HP:0000733;HP:0008936;HP:0001270;HP:0004322;HP:0000556;HP:0002791;HP:0000248;HP:0001263;HP:0011344;HP:0000750;HP:0009062;HP:0002090
P92-PIGO	PIGO	28900819	Zehavi	Zehavi;2017;PIGO;Patient 1	9:39093912C>T[homozygous,codingcoding|missense]	HP:0002384;HP:0002100;HP:0008936;HP:0002079;HP:0002120;HP:0011968;HP:0000817;HP:0002307;HP:0004305;HP:0000758;HP:0008763;HP:0002835;HP:0000711;HP:0001263;HP:0003560;HP:0001298;HP:0002093;HP:0002090
P93-PIGA	PIGA	24259184	van der Crabben	van der Crabben;2014;PIGA;III-1	X:15349775G>A[hemizygous,codingcoding|missense]	HP:0009890;HP:0002079;HP:0002271;HP:0002376;HP:0001631;HP:0001695;HP:0001671;HP:0002059;HP:0002104;HP:0001250;HP:0000674;HP:0001561;HP:0000288;HP:0012704;HP:0012429;HP:0002373;HP:0008936;HP:0002266;HP:0002795;HP:0002197;HP:0002119;HP:0003270;HP:0003155;HP:0001263;HP:0200134;HP:0000233;HP:0009085;HP:0000582
P94-PIGT	PIGT	28327575	Pagnamenta	Pagnamenta;2017;PIGT;258094	20:44054311G>A[heterozygous,codingcoding|missense];20:44054459C>CC[heterozygous,codingcoding|missense]	HP:0002373;HP:0006855;HP:0002069;HP:0002073;HP:0002465;HP:0025331;HP:0000505;HP:0001260;HP:0001270;HP:0000787;HP:0001182;HP:0001251;HP:0001272;HP:0001250;HP:0000657;HP:0000455;HP:0001263;HP:0000490
P95-PGAP3	PGAP3	28390064	Abdel-Hamid	Abdel-Hamid;2017;PGAP3;Patient4/Family4	17:37840883G>GG[homozygous,codingcoding|missense]	HP:0002079;HP:0002553;HP:0000175;HP:0010864;HP:0002265;HP:0002119;HP:0003194;HP:0000717;HP:0000637;HP:0000448;HP:0003155;HP:0000316;HP:0001270;HP:0000587;HP:0011398;HP:0001321;HP:0000431;HP:0000752;HP:0001344;HP:0005484;HP:0010804
P96-PIGA	PIGA	24706016	Kato	Kato;2014;PIGA;IV-4	X:15339849G>A[hemizygous,codingcoding|stop-codon]	HP:0002123;HP:0002079;HP:0001250;HP:0001371;HP:0010851;HP:0011398;HP:0000076;HP:0001347;HP:0012430;HP:0000271;HP:0003155;HP:0002123;HP:0002079;HP:0001371;HP:0010851;HP:0011398;HP:0001561;HP:0001367;HP:0001347;HP:0012430;HP:0000271
P97-PIGY	PIGY	26293662	Ilkovski	Ilkovski;2015;PIGY;Family A-II-1	4:89442804A>G[homozygous,codingcoding|missense]	HP:0006965;HP:0006528;HP:0002013;HP:0004387;HP:0006118;HP:0004691;HP:0002376;HP:0000938;HP:0011947;HP:0000518;HP:0002987;HP:0011927;HP:0025152;HP:0003155;HP:0006380;HP:0001250;HP:0001385;HP:0001510;HP:0031165;HP:0003236
P98-PIGO	PIGO	24417746	Nakamura	Nakamura;2014;PIGO;Individual II-2	9:35095174G>T[heterozygous,codingcoding|missense];9:35092596G>A[heterozygous,codingcoding|stop-codon]	HP:0002069;HP:0001263
P99-PGAP3	PGAP3	28390064	Abdel-Hamid	Abdel-Hamid;2017;PGAP3;Patient5/Family5	17:37829382AAGTC>A[homozygous,codingcoding|missense]	HP:0002187;HP:0000060;HP:0002123;HP:0002553;HP:0000175;HP:0002265;HP:0012880;HP:0003194;HP:0000717;HP:0000637;HP:0000448;HP:0003155;HP:0000316;HP:0001270;HP:0000767;HP:0011398;HP:0000431;HP:0001344;HP:0010804
P100-PGAP1	PGAP1	26050939	Granzow	Granzow;2015;PGAP1;1.1	2:197755637T>C[homozygous,splicingsplicing|5ss|disrupted]	HP:0000193;HP:0004322;HP:0006934;HP:0001508;HP:0001642;HP:0001631;HP:0010055;HP:0000504;HP:0000316;HP:0000556;HP:0000767;HP:0001263;HP:0001252;HP:0000750;HP:0000664;HP:0001276;HP:0001344;HP:0005484
P101-PIGO	PIGO	28900819	Zehavi	Zehavi;2017;PIGO;Patient 2	9:39093912C>T[homozygous,codingcoding|missense]	HP:0012448;HP:0002100;HP:0008936;HP:0002079;HP:0012736;HP:0001250;HP:0001263;HP:0002353;HP:0000961;HP:0002120;HP:0002307;HP:0010818
P102-PIGY	PIGY	26293662	Ilkovski	Ilkovski;2015;PIGY;Family B-II-2	4:89442804A>G[homozygous,promoterenhancer|reduced-transcription]	HP:0000504;HP:0001263;HP:0000750;HP:0000486;HP:0005484;HP:0000718
P103-PIGA	PIGA	24706016	Kato	Kato;2014;PIGA;5	X:15349698G>A[hemizygous,codingcoding|missense]	HP:0002187;HP:0003155;HP:0002079;HP:0011398;HP:0002521;HP:0001347;HP:0002445;HP:0000271
P104-PIGA	PIGA	24706016	Kato	Kato;2014;PIGA;4	X:153449823C>A[hemizygous,codingcoding|missense]	HP:0003155;HP:0002079;HP:0001250;HP:0001371;HP:0002342;HP:0001367;HP:0002510;HP:0002521;HP:0003429;HP:0000271;HP:0000717
P105-PGAP3	PGAP3	28327575	Pagnamenta	Pagnamenta;2017;PGAP3;257982	17:37829105T>C[heterozygous,codingcoding|missense];17:37840962G>A[heterozygous,codingcoding|missense]	HP:0012810;HP:0008935;HP:0006108;HP:0002194;HP:0000175;HP:0012345;HP:0025335;HP:0002136;HP:0000219;HP:0000369;HP:0004619;HP:0003186;HP:0000286;HP:0001488;HP:0001357;HP:0001305;HP:0010818;HP:0002121;HP:0002751;HP:0000154;HP:0001763;HP:0000319;HP:0000316;HP:0100543;HP:0003155;HP:0002938;HP:0000403;HP:0000687;HP:0001344
P106-PIGT	PIGT	23636107	Kvarnung	Kvarnung;2013;PIGT;null	20:44047988A>C[homozygous,codingcoding|missense]	HP:0002384;HP:0006429;HP:0000072;HP:0000121;HP:0002750;HP:0000938;HP:0000113;HP:0001290;HP:0005622;HP:0003100;HP:0000248;HP:0000256;HP:0009824;HP:0000496;HP:0000472;HP:0004443;HP:0002650;HP:0010852;HP:0003282;HP:0025330;HP:0000505;HP:0002648;HP:0001263;HP:0003022;HP:0006480;HP:0001520;HP:0000540;HP:0000271;HP:0100864;HP:0001249
P107-PGAP1	PGAP1	25804403	Bosch	Bosch;2015;PGAP1;proband	2:197784745CAGG>C[heterozygous,codingcoding|missense];2:197761856TGTTTA>T[heterozygous,codingcoding|missense]	HP:0002099;HP:0001319;HP:0001263;HP:0000486;HP:0009748;HP:0009904;HP:0011968;HP:0000395;HP:0000582;HP:0000639;HP:0000490;HP:0002099;HP:0001319;HP:0001263;HP:0000486;HP:0009748;HP:0009904;HP:0011968;HP:0000395;HP:0000582;HP:0000639;HP:0000490
P108-PGAP3	PGAP3	28794914	Nampoothiri	Nampoothiri;2017;PGAP3;Younger sister	17:37829352T>C[homozygous,codingcoding|missense]	HP:0002263;HP:0001612;HP:0000175;HP:0008848;HP:0012169;HP:0002098;HP:0000708;HP:0045025;HP:0000319;HP:0004325;HP:0003155;HP:0001263;HP:0000750;HP:0009748;HP:0000278;HP:0000431;HP:0000691;HP:0001344;HP:0005484;HP:0000286
P109-PIGC	PIGC	27694521	Edvardson	Edvardson;2017;PIGC;FamilyA-II-4	1:172411197A>C[homozygous,codingcoding|missense]	HP:0001270;HP:0002069;HP:0001250;HP:0001263;HP:0010864;HP:0000750;HP:0031491
P110-PIGL	PIGL	22444671	Ng	Ng;2012;PIGL;3988	17:16220000T>C[heterozygous,codingcoding|missense];17:16216860G>A[heterozygous,codingcoding|stop-codon]	HP:0400005;HP:0010783;HP:0005280;HP:0004209;HP:0001682;HP:0000126;HP:0000989;HP:0002136;HP:0011927;HP:0002007;HP:0000405;HP:0000589;HP:0001250;HP:0000369;HP:0000358;HP:0008064;HP:0000343;HP:0000271;HP:0001019
P111-PIGA	PIGA	22305531	Johnston	Johnston;2012;PIGA;IV-4	X:15339849G>A[hemizygous,codingcoding|stop-codon]	HP:0002079;HP:0002123;HP:0001623;HP:0001643;HP:0002878;HP:0002139;HP:0003155;HP:0002705;HP:0001371;HP:0001252;HP:0001561;HP:0001321;HP:0025116;HP:0011330;HP:0001414;HP:0001348
P112-PIGA	PIGA	24357517	Belet	Belet;2014;PIGA;III-7/Family B	X:15349977A>AA[hemizygous,codingcoding|missense]	HP:0012469;HP:0001263;HP:0002521
P113-PGAP3	PGAP3	27120253	Knaus	Knaus;2016;PGAP3;B-II-2	17:37840880G>GG[heterozygous,codingcoding|missense];17:37829913C>T[heterozygous,splicingsplicing|3ss|disrupted]	HP:0002123;HP:0002360;HP:0008388;HP:0003155;HP:0000316;HP:0001270;HP:0001251;HP:0003196;HP:0000455;HP:0001263;HP:0001252;HP:0000750;HP:0000431;HP:0000691;HP:0001500;HP:0010804;HP:0002123;HP:0002360;HP:0008388;HP:0003155;HP:0000316;HP:0001270;HP:0001251;HP:0003196;HP:0000455;HP:0001263;HP:0001252;HP:0000750;HP:0000431;HP:0000691;HP:0001500;HP:0010804
P114-PIGO	PIGO	24049131	Kuki	Kuki;2013;PIGO;boy	9:35095208G>A[heterozygous,codingcoding|missense];9:35091385TGA>T[heterozygous,codingcoding|missense]	HP:0009882;HP:0002251;HP:0001636;HP:0002134;HP:0008527;HP:0012501;HP:0002871;HP:0002352;HP:0002104;HP:0003155;HP:0001272;HP:0011398;HP:0000365;HP:0000297;HP:0001344;HP:0009381;HP:0003429;HP:0031165;HP:0000271
P115-PIGT	PIGT	23636107	Kvarnung	Kvarnung;2013;PIGT;Patient V-1	20:44047988A>C[homozygous,codingcoding|missense]	HP:0006429;HP:0000121;HP:0002750;HP:0000938;HP:0011648;HP:0000639;HP:0004349;HP:0001290;HP:0000767;HP:0000248;HP:0000486;HP:0000256;HP:0009824;HP:0000496;HP:0011330;HP:0002123;HP:0002650;HP:0010852;HP:0100704;HP:0000505;HP:0002648;HP:0001263;HP:0003022;HP:0006480;HP:0001520;HP:0000540;HP:0000271;HP:0001249
P116-PIGY	PIGY	26293662	Ilkovski	Ilkovski;2015;PIGY;Family B-II-3	4:89442804A>G[homozygous,promoterenhancer|reduced-transcription]	HP:0002194;HP:0000752;HP:0001263;HP:0000750;HP:0008050;HP:0000252;HP:0000271;HP:0000154
P117-PIGL	PIGL	22444671	Ng	Ng;2012;PIGL;680-2-3	17:16220000T>C[heterozygous,codingcoding|missense];17:16137322AC>A[heterozygous,codingcoding|missense]	HP:0000175;HP:0002286;HP:0002213;HP:0012471;HP:0000316;HP:0000589;HP:0001250;HP:0000248;HP:0008064;HP:0011069;HP:0000687;HP:0000972;HP:0000431;HP:0001288;HP:0008591;HP:0008070;HP:0000396;HP:0000286;HP:0100040;HP:0001249;HP:0001638
P118-PIGA	PIGA	24259288	Swoboda	Swoboda;2014;PIGA;IV-3	X:15342942TAAG>T[hemizygous,codingcoding|missense]	HP:0001939;HP:0003121;HP:0001433;HP:0003487;HP:0003700;HP:0001257;HP:0001397;HP:0000365;HP:0002078;HP:0000496;HP:0002240;HP:0000684;HP:0001298;HP:0001251;HP:0000248;HP:0001332;HP:0003281;HP:0100704;HP:0001250;HP:0011398;HP:0040130
P119-PIGM	PIGM	16767100	Almeida	Almeida;2006;PIGM;Family 2-2B	1:160001799G>A[heterozygous,3UTRunknown]	HP:0002121;HP:0030242;HP:0030243
P120-PIGA	PIGA	24357517	Belet	Belet;2014;PIGA;III-13/Family B	X:15349977A>AA[hemizygous,codingcoding|missense]	HP:0001250;HP:0001263;HP:0002521;HP:0011947
P121-PIGT	PIGT	23636107	Kvarnung	Kvarnung;2013;PIGT;Patient V-5	20:44047988A>C[homozygous,codingcoding|missense]	HP:0000072;HP:0002283;HP:0002069;HP:0000121;HP:0100704;HP:0002750;HP:0004349;HP:0000639;HP:0001272;HP:0000486;HP:0006480;HP:0003186;HP:0009824;HP:0000540;HP:0003429;HP:0001249
P122-PIGN	PIGN	26879448	Jezela-Stanek	Jezela-Stanek;2016;PIGN;Patient 2	18:59814219C>T[heterozygous,codingcoding|missense];18:59810570A>C[heterozygous,codingcoding|missense]	HP:0006855;HP:0006956;HP:0100660;HP:0002123;HP:0001272;HP:0025439;HP:0001250;HP:0010544;HP:0000010;HP:0001336;HP:0001337;HP:0001290
P123-PIGV	PIGV	24129430	Horn	Horn;2014;PIGV;Patient 8	1:27121547C>A[heterozygous,codingcoding|missense];1:27117359G>A[heterozygous,codingcoding|missense]	HP:0002251;HP:0000072;HP:0002025;HP:0006118;HP:0000076;HP:0000021;HP:0001792;HP:0000126;HP:0010055;HP:0003155;HP:0001250;HP:0011344;HP:0000750;HP:0000431;HP:0001344;HP:0009381;HP:0010804;HP:0000271
P124-PIGA	PIGA	24706016	Kato	Kato;2014;PIGA;3	X:153449823C>A[hemizygous,codingcoding|missense]	HP:0002187;HP:0002197;HP:0010818;HP:0000717
P125-PIGA	PIGA	24706016	Kato	Kato;2014;PIGA;2	X:15349437T>A[hemizygous,codingcoding|missense]	HP:0002187;HP:0003155;HP:0002123;HP:0002079;HP:0001250;HP:0001367;HP:0002521;HP:0002510;HP:0001336;HP:0012430;HP:0000271
P126-PGAP3	PGAP3	24439110	Howard	Howard;2014;PGAP3;V-2/Family A	17:37842179C>T[homozygous,codingcoding|missense]	HP:0002069;HP:0000175;HP:0002265;HP:0004305;HP:0000218;HP:0003155;HP:0000316;HP:0001270;HP:0003196;HP:0000455;HP:0003763;HP:0001263;HP:0001252;HP:0000750;HP:0000431;HP:0005484;HP:0010804;HP:0000582;HP:0010819
P127-PIGV	PIGV	24129430	Horn	Horn;2014;PIGV;Patient 9	1:27121547C>A[heterozygous,codingcoding|missense];1:27124258C>T[heterozygous,codingcoding|missense]	HP:0001804;HP:0000455;HP:0001821;HP:0003155;HP:0000316;HP:0000126;HP:0200007;HP:0010804;HP:0000431;HP:0000175;HP:0001629;HP:0000072
P128-PGAP2	PGAP2	27871432	Naseer	Naseer;2016;PGAP2;Patient 2	11:3838608C>T[homozygous,codingcoding|missense]	HP:0001270;HP:0001250;HP:0001263;HP:0000750;HP:0001510;HP:0000252;HP:0001249;HP:0001270;HP:0001250;HP:0001263;HP:0000750;HP:0001510;HP:0000252;HP:0001249;HP:0003155;HP:0001270;HP:0001250;HP:0001263;HP:0000750;HP:0001510;HP:0000252;HP:0001249;HP:0001270;HP:0001250;HP:0001263;HP:0000750;HP:0001510;HP:0000252;HP:0001249
P129-PIGT	PIGT	23636107	Kvarnung	Kvarnung;2013;PIGT;Patient V-4	20:44047988A>C[homozygous,codingcoding|missense]	HP:0007360;HP:0006429;HP:0000072;HP:0002283;HP:0000121;HP:0002750;HP:0000938;HP:0001290;HP:0005622;HP:0003100;HP:0000248;HP:0000256;HP:0003186;HP:0009824;HP:0000496;HP:0000472;HP:0001638;HP:0002123;HP:0012697;HP:0003282;HP:0000505;HP:0002648;HP:0001263;HP:0003022;HP:0006480;HP:0001520;HP:0000540;HP:0000271;HP:0100864;HP:0001249
P130-PIGC	PIGC	27694521	Edvardson	Edvardson;2017;PIGC;FamilyA-II-2	1:172411197A>C[homozygous,codingcoding|missense]	HP:0001270;HP:0002069;HP:0001250;HP:0001263;HP:0010864;HP:0000750;HP:0031491;HP:0100702
P131-PIGM	PIGM	16767100	Almeida	Almeida;2006;PIGM;Family 2-2C	1:160001799G>A[heterozygous,3UTRunknown]	HP:0002121;HP:0030242;HP:0030243
P132-PIGL	PIGL	22444671	Ng	Ng;2012;PIGL;680-2-2	17:16220000T>C[heterozygous,codingcoding|missense];17:16137322AC>A[heterozygous,codingcoding|missense]	HP:0000175;HP:0002286;HP:0002213;HP:0002059;HP:0012471;HP:0000316;HP:0000457;HP:0000589;HP:0001250;HP:0000248;HP:0008064;HP:0011069;HP:0000687;HP:0000972;HP:0000431;HP:0001288;HP:0008591;HP:0008070;HP:0000396;HP:0000286;HP:0100040;HP:0001249;HP:0001638
P133-PIGA	PIGA	22305531	Johnston	Johnston;2012;PIGA;IV-2	X:15339849G>A[hemizygous,codingcoding|stop-codon]	HP:0002079;HP:0006956;HP:0005280;HP:0001623;HP:0000076;HP:0001631;HP:0001792;HP:0002104;HP:0002714;HP:0006380;HP:0003273;HP:0000212;HP:0001321;HP:0001331;HP:0009381;HP:0001169;HP:0000272;HP:0000470;HP:0000160;HP:0002123;HP:0002987;HP:0000239;HP:0000269;HP:0000201;HP:0000463;HP:0000396;HP:0000582;HP:0001348;HP:0002090;HP:0000081
P134-PIGA	PIGA	24706016	Kato	Kato;2014;PIGA;1	X:15339849G>A[hemizygous,codingcoding|stop-codon]	HP:0002187;HP:0002079;HP:0010851;HP:0001371;HP:0011398;HP:0000076;HP:0001561;HP:0005692;HP:0012430;HP:0002445;HP:0000271;HP:0010818
P135-PGAP2	PGAP2	26879448	Jezela-Stanek	Jezela-Stanek;2016;PGAP2;Patient 1	11:3832491T>G[heterozygous,codingcoding|missense];11:3845168G>A[heterozygous,codingcoding|missense]	HP:0009058;HP:0002100;HP:0010851;HP:0002344;HP:0002521;HP:0030746;HP:0000739;HP:0005469;HP:0003155;HP:0001250;HP:0000767;HP:0001263;HP:0001252;HP:0001265;HP:0003688;HP:0000252;HP:0002093;HP:0003324;HP:0011096;HP:0001946
P136-PIGN	PIGN	28327575	Pagnamenta	Pagnamenta;2017;PIGN;259633	18:59810570A>C[heterozygous,codingcoding|missense];18:59814315T>A[heterozygous,codingcoding|stop-codon]	HP:0100543;HP:0001250;HP:0012444;HP:0002194;HP:0007308;HP:0002205;HP:0001344
P137-PIGA	PIGA	24357517	Belet	Belet;2014;PIGA;III-11/Family B	X:15349977A>AA[hemizygous,codingcoding|missense]	HP:0002133;HP:0002069;HP:0001263;HP:0002521;HP:0000969
P138-PIGP	PIGP	28334793	Johnstone	Johnstone;2017;PIGP;male proband	21:38444814A>G[heterozygous,codingcoding|missense];21:38437903TT>T[heterozygous,codingcoding|missense]	HP:0002187;HP:0002079;HP:0002353;HP:0010546;HP:0002457;HP:0006895;HP:0002835;HP:0006380;HP:0003037;HP:0001250;HP:0011398;HP:0000961;HP:0001344;HP:0001357;HP:0002094;HP:0001618;HP:0200049
